1,0301,101,0,冠詞,a,１つの、１人の,①,,
2,0303,101,0,形容詞,able,・・・できる、能力のある,a②③④,,
3,0301,201,0,前置詞、副詞,about,【前】・・・について<br>【副】約、およそ,a②③④⑤,,
4,0302,201,0,前置詞,above,・・・の上に,a②③④⑤,,
5,0302,201,0,副詞,abroad,外国で、外国へ,a②③④⑤⑥,,
6,0303,201,0,動詞,accept,受け入れる,a②③④⑤⑥,,
7,0303,301,0,名詞,accident,事故、天災、災難,a②③④⑤⑥⑦⑧,,
8,0302,201,0,前置詞、副詞,across,【前】・・・を横切って、・・・を渡って、・・・の向こう側に<br>【副】横切って、渡って,a②③④⑤⑥,,
9,0303,101,0,動詞,act,行動する、作用する、行為.、（役を）演じる,a②③,,
10,0303,201,0,名詞,action,動作、行動,a②③④⑤⑥,,
11,0302,201,0,形容詞,active,活発な、積極的な,a②③④⑤⑥,,
12,0303,301,0,名詞,activity,活動、活躍、働き、活気,a②③④⑤⑥⑦⑧,,
13,0302,201,0,名詞,actor,俳優,a②③④⑤,,
14,0302,301,0,副詞,actually,実際に、実は,a②③④⑤⑥⑦⑧,,
15,0303,101,0,動詞,add,加える、足す,a②③,,
16,0302,301,0,名詞,addition,足し算、追加,a②③④⑤⑥⑦⑧,,
17,0303,201,0,名詞,address,住所、あて名,a②③④⑤⑥⑦,,
18,0303,201,0,名詞,adult,大人、成人,a②③④⑤,,
19,0303,301,0,名詞,advantage,有利な立場、利点、強み,a②③④⑤⑥⑦⑧⑨,,
20,0303,301,0,名詞,adventure,冒険,a②③④⑤⑥⑦⑧⑨,,
21,0302,201,0,名詞,advice,助言、忠告、アドバイス,a②③④⑤⑥,,
22,0302,201,0,形容詞,afraid,恐れて、怖がって,a②③④⑤⑥,,
23,0302,015,11,名詞,Africa,アフリカ,ａ②③④⑤⑥,,
24,0301,201,0,前置詞、接続詞,after,【前】・・・のあとに<br>【接】・・・のあとに、・・・してから,a②③④⑤,,
25,0301,301,0,名詞,afternoon,午後,a②③④⑤⑥⑦⑧⑨,,
26,0302,201,0,副詞,again,再び、また、もう一度,a②③④⑤,,
27,0303,201,0,前置詞,against,・・・に対する、・・・に対して、・・・に反対して,a②③④⑤⑥⑦,,
28,0303,101,0,名詞,age,年齢,a②③,,
29,0302,101,0,副詞,ago,・・・前に,a②③,,
30,0303,201,0,動詞,agree,同意する、賛成する,a②③④⑤,,
31,0303,101,0,名詞,air,空気、大気、態度,a②③,,
32,0302,201,0,名詞,airport,空港,a②③④⑤⑥⑦,,
33,0301,101,0,代名詞、形容詞、副詞,all,【形】すべての、全部の<br>【代】すべて、全部<br>【副】まったく、すっかり,a②③,,
34,0303,201,0,動詞,allow,許可する、許す,a②③④⑤,,
35,0301,201,0,副詞,almost,ほとんど,a②③④⑤⑥,,
36,0301,201,0,副詞,alone,１人で、ただ・・・だけで,a②③④⑤,,
37,0303,201,0,前置詞,along,（道・川など）に沿って,a②③④⑤,,
38,0303,201,0,副詞,already,すでに、もう,a②③④⑤⑥⑦,,
39,0302,101,0,副詞,also,・・・もまた、さらに,a②③④,,
40,0302,301,0,接続詞,although,・・・だけれど,a②③④⑤⑥⑦⑧,,
41,0302,201,0,副詞,always,いつも、常に,a②③④⑤⑥,,
42,0301,101,0,動詞,am,・・・である、（・・・に）いる、ある （主語が I の時の現在形）,a②,,
43,0302,201,0,形容詞,amazing,驚くべき、見事な、信じがたい,a②③④⑤⑥⑦,,
44,0301,014,3,名詞,America,アメリカ合衆国,ａ②③④⑤⑥⑦,,
45,0301,014,4,名詞、形容詞,American,【名】アメリカ、アメリカ人<br>【形】アメリカの、アメリカ人の,ａ②③④⑤⑥⑦⑧,,
46,0303,201,0,前置詞,among,・・・の間に（で、の）、・・・の中のひとりで,a②③④⑤,,
47,0301,101,0,冠詞,an,１つの、１人の　（すぐ後ろの単語の発音が母音で始まるとき）,a②,,
48,0301,101,0,接続詞,and,・・・と・・・、そして・・・,a②③,,
49,0302,201,0,形容詞,angry,怒った、怒って,a②③④⑤,,
50,0301,201,0,名詞,animal,動物,a②③④⑤⑥,,
51,0302,301,0,名詞,animation,動画、アニメーション,a②③④⑤⑥⑦⑧⑨,,
52,0302,201,0,名詞,anime,（日本の）アニメ,a②③④⑤,,
53,0302,201,0,代名詞、形容詞,another,【代】別の人、他のもの、もう一人の人、もう一つのもの<br>【形】別の、他の、もう一つの,a②③④⑤⑥⑦,,
54,0301,201,0,動詞、名詞,answer,【動】答える、返事をする<br>【名】答え、返事,a②③④⑤⑥,,
55,0301,101,0,形容詞,any,いくつかの・・・、何人かの・・・,a②③,,
56,0302,201,0,副詞,anymore,もはや、これ以上,a②③④⑤⑥⑦,,
57,0303,201,0,代名詞,anyone,誰でも、誰か,a②③④⑤⑥,,
58,0302,301,0,代名詞,anything,何でも、何か,a②③④⑤⑥⑦⑧,,
59,0303,201,0,副詞,anyway,とにかく,a②③④⑤⑥,,
60,0303,301,0,副詞,anywhere,どこにでも、どこかに,a②③④⑤⑥⑦⑧,,
61,0301,201,0,名詞,apple,リンゴ,a②③④⑤,,
62,0301,010,4,名詞,April,４月,ａ②③④⑤,,
63,0301,101,0,動詞,are,・・・である、（・・・に）いる、ある,a②③,,
64,0303,101,0,名詞,area,地域、エリア、面積,a②③④,,
65,0301,101,0,名詞,arm,腕,a②③,,
66,0301,201,0,前置詞、副詞,around,【前】・・・の周りに<br>【副】・・・ごろ,a②③④⑤⑥,,
67,0302,201,0,動詞,arrive,到着する,a②③④⑤⑥,,
68,0301,101,0,名詞,art,芸術、美術,a②③,,
69,0303,201,0,名詞,artist,芸術家,a②③④⑤⑥,,
70,0302,101,0,接続詞、副詞,as,【接】・・・のように、・・・と同じくらい<br>【副】・・・と同じくらい,a②,,
71,0301,101,0,動詞,ask,たずねる、質問する、頼む,a②③,,
72,0302,301,0,名詞,astronaut,宇宙飛行士,a②③④⑤⑥⑦⑧⑨,,
73,0301,101,0,前置詞,at,・・・に、・・・で,a②,,
74,0303,201,0,名詞,athlete,運動選手、競技者、アスリート,a②③④⑤⑥⑦,,
75,0303,201,0,動詞,attend,出席する、参加する,a②③④⑤⑥,,
76,0303,301,0,名詞,attention,注意、注目,a②③④⑤⑥⑦⑧⑨,,
77,0303,201,0,動詞,attract,（注意、興味）を引きつける,a②③④⑤⑥⑦,,
78,0301,010,8,名詞,August,８月,ａ②③④⑤⑥,,
79,0301,101,0,名詞,aunt,おば（父母の姉妹）,a②③④,,
80,0301,014,6,名詞,Australia,オーストラリア,ａ②③④⑤⑥⑦⑧⑨,,
81,0302,101,0,副詞,away,離れて、遠くに、不在で,a②③④,,
82,0303,101,0,名詞,baby,赤ちゃん,b②③④,,
83,0301,101,0,副詞,back,後ろへ、帰って,b②③④,,
84,0303,101,0,形容詞,bad,悪い,b②③,,
85,0301,101,0,名詞,bag,鞄、袋,b②③,,
86,0303,201,0,名詞,balance,つりあい、バランス,b②③④⑤⑥⑦,,
87,0301,101,0,名詞,ball,ボール、球,b②③④,,
88,0302,201,0,名詞,bamboo,竹,b②③④⑤⑥,,
89,0302,201,0,名詞,banana,バナナ,b②③④⑤⑥,,
90,0301,101,0,名詞,band,バンド、楽団,b②③④,,
91,0302,101,0,名詞,bank,銀行、預ける,b②③④,,
92,0301,301,0,名詞,baseball,野球,b②③④⑤⑥⑦⑧,,
93,0301,301,0,名詞,basketball,バスケットボール,b②③④⑤⑥⑦⑧⑨⑩,,
94,0301,101,0,名詞,bath,入浴、風呂、浴槽,b②③④,,
95,0301,101,0,動詞,be,・・・である、・・・にいる、・・・にある,b②,,
96,0301,201,0,名詞,beach,浜、浜辺,b②③④⑤,,
97,0301,101,0,名詞,bear,熊,b②③④,,
98,0301,301,0,形容詞,beautiful,美しい、きれいな,b②③④⑤⑥⑦⑧⑨,,
99,0303,201,0,名詞,beauty,美しさ,b②③④⑤⑥,,
100,0301,301,0,接続詞,because,なぜなら・・・だから,b②③④⑤⑥⑦,,
101,0302,201,0,動詞,become,・・・になる,b②③④⑤⑥,,
102,0301,101,0,名詞,bed,ベッド,b②③,,
103,0302,201,0,名詞,bedroom,寝室,b②③④⑤⑥⑦,,
104,0303,101,0,名詞,beef,牛肉,b②③④,,
105,0303,101,0,動詞,been,beの過去分詞,b②③④,,
106,0301,201,0,前置詞、接続詞、副詞,before,【前】・・・の前に<br>【接】…の前に<br>【副】以前に,b②③④⑤⑥,,
107,0302,202,0,動詞,begin,始まる、始める,b②③④⑤,,
108,0301,201,0,前置詞,behind,・・・の後ろに（の）,b②③④⑤⑥,,
109,0303,201,0,動詞,believe,信じる、・・・と思う,b②③④⑤⑥⑦,,
110,0301,102,0,名詞,bell,鈴、鐘,b②③④,,
111,0303,201,0,前置詞、副詞,below,【前】…の下に<br>【副】…の下で,b②③④⑤,,
112,0303,101,0,名詞,belt,ベルト、・・・地帯、海峡,b②③④,,
113,0303,202,0,名詞,bench,ベンチ、長いす,b②③④⑤,,
114,0302,202,0,前置詞,beside,・・・の側に、すぐ隣に,b②③④⑤⑥,,
115,0302,101,0,形容詞、副詞、名詞,best,【形】最もよい<br>【副】最もよく<br>【名】最もよいもの,b②③④,,
116,0302,202,0,形容詞、副詞,better,【形】…より良い<br>【副】もっとよく,b②③④⑤⑥,,
117,0302,202,0,前置詞,between,・・・の間に、・・・の間で,b②③④⑤⑥⑦,,
118,0303,202,0,名詞,bicycle,自転車,b②③④⑤⑥⑦,,
119,0301,102,0,形容詞,big,大きな、大きい　      　,b②③,,
120,0301,102,0,名詞,bike,自転車（口語）,b②③④,,
121,0301,102,0,名詞,bird,鳥,b②③④,,
122,0301,301,0,名詞,birthday,誕生日,b②③④⑤⑥⑦⑧,,
123,0301,011,6,名詞、形容詞,black,【名】黒<br>【形】黒の、黒い,b②③④⑤,,
124,0302,202,0,形容詞,blind,盲目の、ブラインド,b②③④⑤,,
125,0303,101,0,動詞,blow,（風が）吹く　　　　　,b②③④,,
126,0301,011,2,名詞、形容詞,blue,【名】青<br>【形】青の、青い,b②③④,,
127,0302,101,0,名詞,boat,ボート、小舟,b②③④,,
128,0301,102,0,名詞,body,体、身体、本体、本文,b②③④,,
129,0303,101,0,名詞,bomb,爆弾,b②③④,,
130,0301,102,0,名詞,book,本、書物,b②③④,,
131,0302,301,0,名詞,bookstore,書店,b②③④⑤⑥⑦⑧⑨,,
132,0303,202,0,名詞,border,国境,b②③④⑤⑥,,
133,0301,201,0,形容詞,bored,（人が）退屈している,b②③④⑤,,
134,0302,202,0,形容詞,boring,退屈な,b②③④⑤⑥,,
135,0302,101,0,動詞,born,生まれる,b②③④,,
136,0302,202,0,動詞,borrow,借りる,b②③④⑤⑥,,
137,0303,101,0,代名詞、形容詞,both,【形】両方の<br>【代】両方とも,b②③④,,
138,0302,202,0,名詞,bottle,瓶、ボトル,b②③④⑤⑥,,
139,0301,102,0,名詞,box,箱,b②③,,
140,0301,102,0,名詞,boy,男の子、少年,b②③,,
141,0303,202,0,形容詞,brave,勇ましい、勇敢な,b②③④⑤,,
142,0302,015,10,名詞,Brazil,ブラジル,b②③④⑤⑥,,
143,0302,202,0,名詞,bread,パン,b②③④⑤,,
144,0302,202,0,動詞、名詞,break,【動】壊す<br>【名】休憩、中断,b②③④⑤,,
145,0301,301,0,名詞,breakfast,朝食,b②③④⑤⑥⑦⑧⑨,,
146,0303,202,0,名詞,bridge,橋,b②③④⑤⑥,,
147,0302,202,0,形容詞,bright,利口な、（光が）明るい、（きらきら）光る,b②③④⑤⑥,,
148,0301,201,0,動詞,bring,（物を）持ってくる,b②③④⑤,,
149,0302,015,1,名詞、形容詞,British,【名】イギリス人<br>【形】イギリスの、イギリス人の,b②③④⑤⑥⑦,,
150,0301,301,0,名詞,brother,兄弟. 兄. 弟,b②③④⑤⑥⑦,,
151,0301,011,8,名詞、形容詞,brown,【名】茶色<br>【形】茶色の,b②③④⑤,,
152,0301,201,0,動詞,brush,ブラシをかける,b②③④⑤,,
153,0302,202,0,動詞,build,・・・を建てる、造る,b②③④⑤,,
154,0302,301,0,名詞,building,建物,b②③④⑤⑥⑦⑧,,
155,0302,101,0,動詞,burn,燃やす、火傷,b②③④,,
156,0301,102,0,名詞,bus,バス,b②③,,
157,0303,301,0,名詞,business,仕事、商売、ビジネス,b②③④⑤⑥⑦⑧,,
158,0301,102,0,形容詞,busy,忙しい,b②③④,,
159,0301,102,0,接続詞,but,しかし、でも,b②③,,
160,0303,202,0,名詞,butter,バター,b②③④⑤⑥,,
161,0301,201,0,名詞,button,ボタン,b②③④⑤⑥,,
162,0302,101,0,動詞,buy,買う,b②③,,
163,0301,102,0,前置詞,by,・・・によって、・・・のそばに、・・・までに,b②,,
164,0301,301,0,名詞,cafeteria,食堂、カフェテリア,c②③④⑤⑥⑦⑧⑨,,
165,0301,102,0,名詞,cake,ケーキ,c②③④,,
166,0303,301,0,名詞,calendar,カレンダー、暦,c②③④⑤⑥⑦⑧,,
167,0301,102,0,動詞,call,呼ぶ、電話をする、通話,c②③④,,
168,0301,201,0,名詞,camera,カメラ,c②③④⑤⑥,,
169,0303,101,0,動詞、名詞,camp,【動】キャンプする<br>【名】キャンプ,c②③④,,
170,0301,102,0,助動詞、名詞,can,【助】・・・することができる<br>【名】缶,c②③,,
171,0301,014,7,名詞,Canada,カナダ,c②③④⑤⑥,,
172,0301,102,0,名詞,cap,（ふちのない）帽子、（瓶の）ふた,c②③,,
173,0303,202,0,名詞,capital,首都,c②③④⑤⑥⑦,,
174,0301,301,0,名詞,captain,キャプテン、船長,c②③④⑤⑥⑦,,
175,0301,102,0,名詞,car,自動車、車,c②③,,
176,0302,101,0,名詞,card,カード,c②③④,,
177,0302,101,0,動詞、名詞,care,【動】世話する<br>【名】世話,c②③④,,
178,0302,202,0,名詞,career,職業、経歴,c②③④⑤⑥,,
179,0302,202,0,形容詞,careful,注意深い、慎重な,c②③④⑤⑥⑦,,
180,0303,301,0,名詞,carpenter,大工,c②③④⑤⑥⑦⑧⑨,,
181,0303,202,0,名詞,carrot,人参,c②③④⑤⑥,,
182,0301,201,0,動詞,carry,持ち歩く、運ぶ,c②③④⑤,,
183,0302,101,0,名詞,case,ケース、場合,c②③④,,
184,0302,202,0,名詞,castle,城,c②③④⑤⑥,,
185,0301,102,0,名詞,cat,猫,c②③,,
186,0301,201,0,動詞,catch,捕まえる、捕らえる,c②③④⑤,,
187,0302,202,0,動詞、名詞,cause,【動】引き起こす<br>【名】原因,c②③④⑤,,
188,0301,102,0,名詞,CD,コンパクトディスク,c②,,
189,0303,301,0,動詞,celebrate,祝う,c②③④⑤⑥⑦⑧⑨,,
190,0301,102,0,名詞,cent,セント（アメリカなどの通貨単位）,c②③④,,
191,0302,202,0,名詞,center,中心、真ん中、センター（施設）,c②③④⑤⑥,,
192,0303,202,0,名詞,century,世紀、１００年間,c②③④⑤⑥⑦,,
193,0301,201,0,名詞,chair,椅子,c②③④⑤,,
194,0303,301,0,動詞、名詞,challenge,【動】挑戦する<br>【名】挑戦,c②③④⑤⑥⑦⑧⑨,,
195,0303,301,0,名詞,champion,優勝者、チャンピオン,c②③④⑤⑥⑦⑧,,
196,0303,301,0,名詞,championship,選手権,c②③④⑤⑥⑦⑧⑨⑩⑪⑫,,
197,0303,202,0,名詞,chance,機械、可能性、チャンス,c②③④⑤⑥,,
198,0301,201,0,動詞、名詞,change,【動】変わる、変える<br>【名】お釣り,c②③④⑤⑥,,
199,0303,301,0,名詞,character,登場人物、人格、個性、特徴,c②③④⑤⑥⑦⑧⑨,,
200,0302,202,0,名詞,charity,慈善、チャリティー,c②③④⑤⑥⑦,,
201,0302,202,0,形容詞,cheap,安価な、安い、安っぽい,c②③④⑤,,
202,0302,202,0,動詞,check,確認する、照合する,c②③④⑤,,
203,0303,202,0,動詞,cheer,声援する、元気づける,c②③④⑤,,
204,0302,203,0,名詞,cheese,チーズ,c②③④⑤⑥,,
205,0302,101,0,名詞,chef,料理長、コック長,c②③④,,
206,0302,203,0,名詞,child,子ども,c②③④⑤,,
207,0302,015,6,名詞,China,中華人民共和国,c②③④⑤,,
208,0302,015,7,名詞、形容詞,Chinese,【名】中国人、中国語<br>【形】中国の、中国人の、中国語の,C②③④⑤⑥⑦,,
209,0302,301,0,名詞,chocolate,チョコレート,c②③④⑤⑥⑦⑧⑨,,
210,0303,202,0,名詞,choice,選ぶこと、選択,c②③④⑤⑥,,
211,0303,202,0,動詞,choose,選ぶ,c②③④⑤⑥,,
212,0302,203,0,名詞,chorus,合唱、コーラス,c②③④⑤⑥,,
213,0302,301,0,名詞,Christmas,クリスマス,c②③④⑤⑥⑦⑧⑨,,
214,0302,203,0,名詞,church,教会,c②③④⑤⑥,,
215,0302,101,0,名詞,city,市,c②③④,,
216,0301,202,0,名詞,class,授業、クラス、階級,c②③④⑤,,
217,0301,301,0,名詞,classmate,級友、クラスメイト,c②③④⑤⑥⑦⑧⑨,,
218,0301,301,0,名詞,classroom,教室,c②③④⑤⑥⑦⑧⑨,,
219,0301,202,0,動詞、形容詞,clean,【動】掃除する<br>【形】きれいな、清潔な,c②③④⑤,,
220,0303,202,0,形容詞,clear,晴れた、澄んだ、明瞭な、透明な,c②③④⑤,,
221,0303,202,0,副詞,clearly,はっきりと,c②③④⑤⑥⑦,,
222,0303,202,0,名詞,clerk,店員、事務員,c②③④⑤,,
223,0303,202,0,形容詞,clever,利口な、賢い,c②③④⑤⑥,,
224,0301,202,0,動詞,climb,登る,c②③④⑤,,
225,0302,203,0,名詞,clock,掛け時計,c②③④⑤,,
226,0301,202,0,動詞、形容詞、副詞,close,【動】閉じる<br>【形】近い、接近した<br>【副】近く、接近して,c②③④⑤,,
227,0301,301,0,名詞,clothes,衣類、服,c②③④⑤⑥⑦,,
228,0302,203,0,名詞,cloud,雲,c②③④⑤,,
229,0302,203,0,形容詞,cloudy,曇りの、曇った,c②③④⑤⑥,,
230,0301,103,0,名詞,club,クラブ、部,c②③④,,
231,0303,202,0,名詞,coach,コーチ,c②③④⑤,,
232,0303,101,0,名詞,coat,（衣類の）コート,c②③④,,
233,0301,202,0,名詞,coffee,コーヒー,c②③④⑤⑥,,
234,0302,101,0,名詞,coin,硬貨、小銭,c②③④,,
235,0302,101,0,名詞,cola,コーラ,c②③④,,
236,0301,103,0,名詞、形容詞,cold,【形】寒い、冷たい<br>【名】風邪,c②③④,,
237,0302,203,0,動詞,collect,集める、収集する,c②③④⑤⑥⑦,,
238,0303,202,0,名詞,college,大学,c②③④⑤⑥⑦,,
239,0301,202,0,名詞,color,色,c②③④⑤,,
240,0301,103,0,動詞,come,来る,c②③④,,
241,0301,202,0,名詞,comic,漫画,c②③④⑤,,
242,0303,202,0,形容詞,common,普通の、一般的な、共通の,c②③④⑤⑥,,
243,0302,301,0,動詞,communicate,伝達する、伝える,c②③④⑤⑥⑦⑧⑨⑩⑪,,
244,0302,301,0,名詞,communication,コミュニケーション、意思の疎通,c②③④⑤⑥⑦⑧⑨⑩⑪⑫⑬,,
245,0302,301,0,名詞,community,共同体、地域社会、コミュニティー,c②③④⑤⑥⑦⑧⑨,,
246,0302,203,0,名詞,company,会社,c②③④⑤⑥⑦,,
247,0303,203,0,動詞,compare,比較する、比べる,c②③④⑤⑥⑦,,
248,0301,301,0,名詞,computer,コンピューター,c②③④⑤⑥⑦⑧,,
249,0303,203,0,名詞,concert,演奏会、音楽会、コンサート,c②③④⑤⑥⑦,,
250,0302,301,0,名詞,condition,状況、状態,c②③④⑤⑥⑦⑧⑨,,
251,0303,203,0,動詞,connect,つなぐ、つながる、関係づける,c②③④⑤⑥⑦,,
252,0302,203,0,名詞,contest,コンテスト、コンクール,c②③④⑤⑥⑦,,
253,0303,301,0,動詞,continue,続ける、続く,c②③④⑤⑥⑦⑧,,
254,0302,301,0,名詞,convenience,便利、都合,c②③④⑤⑥⑦⑧⑨⑩⑪,,
255,0303,301,0,形容詞,convenient,便利な、都合のいい,c②③④⑤⑥⑦⑧⑨⑩,,
256,0301,103,0,動詞、名詞,cook,【動】調理する<br>【名】料理人,c②③④,,
257,0301,301,0,名詞,cooking,料理（法）,c②③④⑤⑥⑦,,
258,0302,101,0,形容詞,cool,涼しい、冷静な、素敵な,c②③④,,
259,0302,203,0,名詞,corner,角、隅,c②③④⑤⑥,,
260,0302,101,0,動詞,cost,費用を要する、出費,c②③④,,
261,0302,203,0,名詞,costume,衣装、装束、コスチューム,c②③④⑤⑥⑦,,
263,0303,203,0,動詞,count,数える,c②③④⑤,,
264,0302,203,0,名詞,country,国,c②③④⑤⑥⑦,,
265,0303,203,0,名詞,courage,勇気,c②③④⑤⑥⑦,,
266,0301,202,0,名詞,course,進路,c②③④⑤⑥,,
267,0303,203,0,名詞,court,（テニスなどの）コート、裁判所,c②③④⑤,,
268,0301,202,0,名詞,cousin,いとこ,c②③④⑤⑥,,
269,0303,203,0,動詞,cover,覆う、カバーをかける,c②③④⑤,,
270,0303,203,0,名詞,crane,鶴、クレーン,c②③④⑤,,
271,0302,203,0,動詞,create,創作する、作り出す,c②③④⑤⑥,,
272,0302,203,0,形容詞,crowded,混雑した、満員の,c②③④⑤⑥⑦,,
273,0302,101,0,動詞,cry,（声をあげて）泣く,c②③,,
274,0302,203,0,名詞,culture,文化、文明,c②③④⑤⑥⑦,,
275,0303,101,0,名詞,cup,茶碗、カップ,c②③,,
276,0301,202,0,名詞,curry,カレー料理,c②③④⑤,,
277,0302,203,0,名詞,custom,風習、習慣,c②③④⑤⑥,,
278,0302,301,0,名詞,customer,客、顧客、得意先,c②③④⑤⑥⑦⑧,,
279,0302,102,0,動詞,cut,切る,c②③,,
280,0301,103,0,形容詞,cute,かわいい,c②③④,,
281,0301,103,0,名詞,dad,お父さん、パパ,d②③,,
282,0302,203,0,形容詞,daily,毎日の、日常の,d②③④⑤,,
283,0302,203,0,動詞,damage,損害を与える、評判を傷つける,d②③④⑤⑥,,
284,0301,202,0,動詞、名詞,dance,【動】踊る<br>【名】踊り,d②③④⑤,,
285,0302,203,0,名詞,dancer,踊る人、ダンサー,d②③④⑤⑥,,
286,0302,301,0,形容詞,dangerous,危険な,d②③④⑤⑥⑦⑧⑨,,
287,0303,101,0,形容詞,dark,暗い,d②③④,,
288,0301,103,0,名詞,date,日付、月日,d②③④,,
289,0301,301,0,名詞,daughter,娘,d②③④⑤⑥⑦⑧,,
290,0301,103,0,名詞,day,日、１日、日中,d②③,,
291,0303,101,0,形容詞,dead,死んだ、死んでいる,d②③④,,
293,0301,010,12,名詞,December,１２月,d②③④⑤⑥⑦⑧,,
294,0302,204,0,動詞,decide,決める、決心する,d②③④⑤⑥,,
295,0303,301,0,名詞,decision,決意、決断,d②③④⑤⑥⑦⑧,,
296,0302,102,0,形容詞,deep,深い、奥の、濃い,d②③④,,
297,0303,203,0,副詞,deeply,深く,d②③④⑤⑥,,
298,0301,301,0,形容詞,delicious,おいしい,d②③④⑤⑥⑦⑧⑨,,
299,0302,204,0,名詞,dentist,歯科医、歯医者,d②③④⑤⑥⑦,,
300,0303,301,0,名詞,departure,出発,d②③④⑤⑥⑦⑧⑨,,
301,0303,203,0,動詞,depend,・・・による、・・・次第で決まる,d②③④⑤⑥,,
302,0302,204,0,動詞、名詞,design,【動】デザインする<br>【名】デザイン,d②③④⑤⑥,,
303,0302,301,0,名詞,designer,デザイナー、設計者,d②③④⑤⑥⑦⑧,,
304,0301,103,0,名詞,desk,机,d②③④,,
305,0303,203,0,動詞,destroy,破壊する、壊す、滅ぼす,d②③④⑤⑥⑦,,
306,0303,203,0,名詞,diary,日記,d②③④⑤,,
307,0302,301,0,名詞,dictionary,辞書、辞典,d②③④⑤⑥⑦⑧⑨⑩,,
309,0302,102,0,動詞,die,死ぬ,d②③,,
310,0303,301,0,名詞,difference,違い、違うこと,d②③④⑤⑥⑦⑧⑨⑩,,
311,0301,301,0,形容詞,different,違った、異なる、色々な,d②③④⑤⑥⑦⑧⑨,,
312,0302,301,0,形容詞,difficult,難しい、困難な,d②③④⑤⑥⑦⑧⑨,,
313,0303,301,0,名詞,difficulty,難しさ、困難、苦労,d②③④⑤⑥⑦⑧⑨⑩,,
314,0301,202,0,名詞,dinner,ディナー、夕食,d②③④⑤⑥,,
315,0303,302,0,動詞,disappear,見えなくなる、消えうせる、消滅する,d②③④⑤⑥⑦⑧⑨,,
316,0303,302,0,形容詞,disappointed,がっかりした,d②③④⑤⑥⑦⑧⑨⑩⑪⑫,,
317,0302,302,0,名詞,discount,割引、ディスカウント,d②③④⑤⑥⑦⑧,,
318,0303,302,0,動詞,discover,見つける、発見する,d②③④⑤⑥⑦⑧,,
319,0302,204,0,名詞,disease,病気,d②③④⑤⑥⑦,,
320,0303,101,0,名詞,dish,大皿、盛り皿、盛付けた料理,d②③④,,
321,0303,302,0,名詞,distance,距離、離れた場所、隔たり,d②③④⑤⑥⑦⑧,,
323,0302,204,0,名詞,doctor,医師、博士,d②③④⑤⑥,,
325,0301,103,0,名詞,dog,犬,d②③,,
326,0303,102,0,名詞,doll,人形,d②③④,,
327,0301,202,0,名詞,dollar,ドル（アメリカなどの通貨単位）,d②③④⑤⑥,,
328,0302,204,0,名詞,dolphin,イルカ,d②③④⑤⑥⑦,,
329,0301,103,0,名詞,door,ドア、戸,d②③④,,
330,0301,103,0,副詞,down,下へ,d②③④,,
331,0301,103,0,動詞,draw,引く、引っ張る、描く,d②③④,,
332,0302,204,0,動詞、名詞,dream,【名】夢<br>【動】夢を見る,d②③④⑤,,
333,0302,204,0,名詞,dress,正装、衣装、ドレス,d②③④⑤,,
334,0303,203,0,名詞,drill,訓練,d②③④⑤,,
335,0301,202,0,動詞、名詞,drink,【動】飲む<br>【名】飲み物,d②③④⑤,,
336,0302,204,0,名詞,driver,車を運転する人、運転手,d②③④⑤⑥,,
337,0303,102,0,動詞、名詞,drop,【動】落ちる、落とす<br>【名】滴,d②③④,,
338,0302,302,0,名詞,drugstore,薬局、ドラッグストア,d②③④⑤⑥⑦⑧⑨,,
339,0303,102,0,名詞,drum,太鼓、ドラム,d②③④,,
340,0302,102,0,動詞、形容詞,dry,【動】乾かす<br>【形】乾いた、乾燥した,d②③,,
341,0302,204,0,前置詞,during,・・・の間に,d②③④⑤⑥,,
342,0301,103,0,名詞,DVD,Digital Versatile Disc.の略、デジタル多目的ディスク,d②③,,
343,0303,203,0,形容詞,dying,dieの現在分詞、死にかけている、瀕死の状態,d②③④⑤,,
344,0302,102,0,形容詞、代名詞,each,【形】それぞれの<br>【代】・・・のそれぞれ,e②③④,,
345,0301,103,0,名詞,ear,耳,e②③,,
346,0302,204,0,形容詞、副詞,early,【形】早い<br>【副】早く,e②③④⑤,,
347,0303,203,0,名詞,earth,地球、大地、土,e②③④⑤,,
348,0302,302,0,名詞,earthquake,地震,e②③④⑤⑥⑦⑧⑨⑩,,
349,0302,204,0,副詞,easily,簡単に、容易に,e②③④⑤⑥,,
350,0301,017,2,名詞、形容詞、副詞,east,【名】東、東部、東方<br>【形】東の<br>【副】東へ,e②③④,,
351,0302,102,0,形容詞,easy,簡単な、やさしい,e②③④,,
352,0301,103,0,動詞,eat,食べる、食事をする,e②③,,
353,0303,302,0,名詞,education,教育、素養,e②③④⑤⑥⑦⑧⑨,,
354,0303,203,0,名詞,effort,努力、尽力,e②③④⑤⑥,,
355,0301,103,0,名詞,egg,卵,e②③,,
356,0301,001,8,名詞、形容詞,eight,【名】８、やっつ<br>【形】８の、やっつの,e②③④⑤,,
357,0301,002,8,名詞、形容詞,eighteen,【名】１８<br>【形】１８の,e②③④⑤⑥⑦⑧,,
358,0301,004,8,名詞、形容詞,eighth,【名】８番目<br>【形】８番目の,e②③④⑤⑥,,
359,0301,003,8,名詞、形容詞,eighty,【名】８０<br>【形】８０の,e②③④⑤⑥,,
360,0302,204,0,形容詞、代名詞,either,【形】どちらかの<br>【代】・・・のどちらか,e②③④⑤⑥,,
361,0303,302,0,名詞,electricity,電気、電流,e②③④⑤⑥⑦⑧⑨⑩⑪,,
362,0303,302,0,名詞,elephant,象,e②③④⑤⑥⑦⑧,,
363,0301,001,11,名詞、形容詞,eleven,【名】１１<br>【形】１１の,e②③④⑤⑥,,
364,0301,004,11,名詞、形容詞,eleventh,【名】１１番目<br>【形】１１番目の,e②③④⑤⑥⑦⑧,,
366,0302,204,0,形容詞,empty,空の,e②③④⑤,,
367,0303,302,0,動詞,encourage,勇気づける、励ます,e②③④⑤⑥⑦⑧⑨,,
368,0302,102,0,名詞、動詞,end,【名】最後、端<br>【動】終わる、終える,e②③,,
369,0303,203,0,名詞,energy,エネルギー,e②③④⑤⑥,,
370,0302,302,0,名詞,engineer,技師、エンジニア,e②③④⑤⑥⑦⑧,,
371,0303,203,0,名詞,England,イングランド（主にグレートブリテン島の南部地域）,e②③④⑤⑥⑦,,
372,0301,014,5,名詞、形容詞,English,【名】英語、イギリス人<br>【形】英語の、イギリスの、イギリス人の,e②③④⑤⑥⑦,,
373,0301,202,0,動詞,enjoy,楽しむ,e②③④⑤,,
374,0303,203,0,形容詞,enough,十分な、ちょうどいい数（量）の,e②③④⑤⑥,,
375,0303,203,0,動詞,enter,入る、記入する,e②③④⑤,,
376,0303,302,0,名詞,entrance,入り口、玄関,e②③④⑤⑥⑦⑧,,
377,0302,302,0,名詞,environment,環境、周囲の状況,e②③④⑤⑥⑦⑧⑨⑩⑪,,
378,0301,202,0,名詞,eraser,消しゴム、インキ消し、黒板ふき,e②③④⑤⑥,,
379,0302,302,0,副詞,especially,特に,e②③④⑤⑥⑦⑧⑨⑩,,
380,0303,204,0,名詞,Europe,ヨーロッパ,e②③④⑤⑥,,
381,0302,102,0,副詞,even,・・・でさえ、・・・でも、均等な、偶数の,e②③④,,
382,0301,301,0,名詞,evening,夕方、晩、夜,e②③④⑤⑥⑦,,
383,0301,202,0,名詞,event,行事、事件、出来事,e②③④⑤,,
384,0303,102,0,副詞,ever,今までに、かつて,e②③④,,
385,0301,202,0,形容詞,every,あらゆる、すべての、毎・・・,e②③④⑤,,
386,0302,302,0,代名詞,everybody,みんな、誰でも,e②③④⑤⑥⑦⑧⑨,,
387,0301,301,0,代名詞,everyone,みんな、すべての人,e②③④⑤⑥⑦⑧,,
388,0302,302,0,代名詞,everything,すべて、すべてのもの、何でも,e②③④⑤⑥⑦⑧⑨⑩,,
389,0302,302,0,副詞,everywhere,どこでも、いたるところで,e②③④⑤⑥⑦⑧⑨⑩,,
390,0303,102,0,名詞,exam,試験,e②③④,,
391,0302,204,0,名詞,example,例、実例,e②③④⑤⑥⑦,,
392,0303,302,0,形容詞,excellent,優秀な、優れた、卓越した,e②③④⑤⑥⑦⑧⑨,,
393,0301,302,0,形容詞,excited,興奮した,e②③④⑤⑥⑦,,
394,0302,302,0,形容詞,exciting,興奮させる、わくわくするような,e②③④⑤⑥⑦⑧,,
395,0301,202,0,動詞,excuse,許容する、許す、弁明をする,e②③④⑤⑥,,
396,0302,302,0,形容詞,expensive,高価な,e②③④⑤⑥⑦⑧⑨,,
397,0302,302,0,名詞、動詞,experience,【名】経験、体験<br>【動】経験する、体験する,e②③④⑤⑥⑦⑧⑨⑩,,
398,0302,204,0,動詞,explain,説明する,e②③④⑤⑥⑦,,
399,0303,204,0,動詞、名詞,express,【動】表現する、言い表す<br>【名】急行、速達,e②③④⑤⑥⑦,,
400,0303,302,0,名詞,expression,表現,e②③④⑤⑥⑦⑧⑨⑩,,
401,0301,103,0,名詞,eye,目,e②③,,
402,0301,103,0,名詞、動詞,face,【名】顔、表情<br>【動】直面する,f②③④,,
403,0303,102,0,名詞,fact,事実,f②③④,,
404,0303,102,0,形容詞,fair,公平な,f②③④,,
405,0301,103,0,動詞、名詞,fall,【動】落ちる<br>【名】秋、滝,f②③④,,
406,0301,202,0,名詞,family,家族,f②③④⑤⑥,,
407,0301,203,0,形容詞,famous,有名な、よく知られた,f②③④⑤⑥,,
408,0302,102,0,形容詞、副詞,far,【形】遠い<br>【副】遠くに,f②③,,
409,0303,102,0,名詞,farm,農場,f②③④,,
410,0302,204,0,名詞,farmer,農場主、農業をする人,f②③④⑤⑥,,
411,0303,204,0,名詞,fashion,流行、はやり,f②③④⑤⑥⑦,,
412,0301,104,0,形容詞、副詞,fast,【副】速く<br>【形】速い,f②③④,,
413,0301,203,0,名詞,father,父、父親,f②③④⑤⑥,,
414,0301,302,0,名詞、形容詞,favorite,【形】お気に入りの、好きな<br>【名】お気に入りのもの、好きなもの,f②③④⑤⑥⑦⑧,,
415,0301,010,2,名詞,February,２月,f②③④⑤⑥⑦⑧,,
416,0302,102,0,動詞,feel,感じる、気分が・・・である,f②③④,,
417,0303,204,0,名詞,feeling,感情、気持ち,f②③④⑤⑥⑦,,
418,0301,302,0,名詞,festival,お祭り、祭日、・・・祭,f②③④⑤⑥⑦⑧,,
419,0302,204,0,名詞,fever,熱、発熱,f②③④⑤,,
420,0302,102,0,形容詞,few,少しの、少数の,f②③,,
421,0301,203,0,名詞,field,野原、畑、牧草地,f②③④⑤,,
422,0301,002,5,名詞、形容詞,fifteen,【名】１５<br>【形】１５の,f②③④⑤⑥⑦,,
423,0301,005,15,名詞、形容詞,fifteenth,【名】１５番目<br>【形】１５番目の,f②③④⑤⑥⑦⑧⑨,,
424,0301,004,5,名詞、形容詞,fifth,【名】５番目<br>【形】５番目の,f②③④⑤,,
425,0301,003,5,名詞、形容詞,fifty,【名】５０<br>【形】５０の,f②③④⑤,,
426,0302,204,0,動詞,fight,戦う、戦い,f②③④⑤,,
427,0303,102,0,動詞,fill,満たす、満ちる,f②③④,,
428,0303,204,0,形容詞,final,最後の、最終の,f②③④⑤,,
429,0302,204,0,副詞,finally,ついに、最後に,f②③④⑤⑥⑦,,
430,0302,102,0,動詞,find,見つける、見いだす,f②③④,,
431,0301,104,0,形容詞,fine,元気な、調子の良い、素晴らしい、晴れている,f②③④,,
432,0301,203,0,名詞,finger,手の指,f②③④⑤⑥,,
433,0302,205,0,動詞,finish,終わらせる、終わる,f②③④⑤⑥,,
434,0302,102,0,名詞,fire,火,f②③④,,
435,0303,302,0,名詞,firework,花火,f②③④⑤⑥⑦⑧,,
436,0301,004,1,名詞、形容詞、副詞,first,【名】１番、第１<br>【形】１番目の、第１の、最初の<br>【副】１番目に、第１に、最初に,f②③④⑤,,
437,0301,104,0,名詞、動詞,fish,【名】魚<br>【動】釣りをする,f②③④,,
438,0302,205,0,名詞,fishing,釣り,f②③④⑤⑥⑦,,
439,0302,102,0,動詞,fit,合う、適合する,f②③,,
440,0301,001,5,名詞、形容詞,five,【名】５、いつつ<br>【形】５の、いつつの,f②③④,,
441,0302,205,0,名詞,flight,飛行、（飛行機の）便,f②③④⑤⑥,,
442,0301,203,0,名詞,floor,床、階,f②③④⑤,,
443,0302,205,0,名詞,flower,花,f②③④⑤⑥,,
444,0303,302,0,副詞,fluently,流ちょうに、すらすらと,f②③④⑤⑥⑦⑧,,
445,0301,104,0,動詞,fly,飛ぶ、ハエ,f②③,,
446,0302,205,0,動詞,follow,・・・について行く、・・・に従う,f②③④⑤⑥,,
447,0301,104,0,名詞,food,食べもの,f②③④,,
448,0301,104,0,名詞,foot,足（足首から下の部分）,f②③④,,
449,0302,302,0,名詞,football,アメリカンフットボール、ラグビー、サッカー,f②③④⑤⑥⑦⑧,,
450,0301,104,0,前置詞,for,・・・のために、・・・にとって,f②③,,
451,0303,204,0,形容詞,foreign,外国の,f②③④⑤⑥⑦,,
452,0303,204,0,名詞,forest,森、森林,f②③④⑤⑥,,
453,0303,204,0,副詞,forever,永久に、絶えず,f②③④⑤⑥⑦,,
454,0302,205,0,動詞,forget,忘れる,f②③④⑤⑥,,
455,0301,003,4,名詞、形容詞,forty,【名】４０<br>【形】４０の,f②③④⑤,,
456,0303,204,0,副詞,forward,前へ,f②③④⑤⑥⑦,,
457,0301,001,4,名詞、形容詞,four,【名】４、よっつ<br>【形】４の、よっつの,f②③④,,
458,0301,002,4,名詞、形容詞,fourteen,【名】１４<br>【形】１４の,f②③④⑤⑥⑦⑧,,
459,0301,005,14,名詞、形容詞,fourteenth,【名】１４番目<br>【形】１４番目の,f②③④⑤⑥⑦⑧⑨⑩,,
460,0301,004,4,名詞、形容詞,fourth,【名】４番目<br>【形】４番目の,f②③④⑤⑥,,
461,0301,104,0,名詞,fox,狐,f②③,,
462,0302,015,2,名詞,France,フランス,f②③④⑤⑥,,
463,0302,102,0,形容詞,free,自由な、暇な、無料の,f②③④,,
464,0302,015,3,名詞、形容詞,French,【名】フランス人、フランス語<br>【形】フランスの、フランス人の、フランス語の,f②③④⑤⑥,,
465,0303,204,0,形容詞,fresh,新鮮な,f②③④⑤,,
466,0301,009,6,名詞,Friday,金曜日,f②③④⑤⑥,,
467,0302,205,0,名詞,fridge,冷蔵庫,f②③④⑤⑥,,
468,0301,203,0,名詞,friend,友人、友達,f②③④⑤⑥,,
469,0302,302,0,形容詞,friendly,友好的な、人なつっこい,f②③④⑤⑥⑦⑧,,
470,0302,302,0,名詞,friendship,友情、親交,f②③④⑤⑥⑦⑧⑨⑩,,
471,0301,104,0,前置詞,from,・・・から、・・・出身で,f②③④,,
472,0302,205,0,形容詞、名詞,front,【形】前の、前面の、・・・の前に<br>【名】前、前面,f②③④⑤,,
473,0303,204,0,名詞,fruit,果物、フルーツ,f②③④⑤,,
474,0302,102,0,形容詞,full,満ちた、いっぱいの、満腹である,f②③④,,
475,0302,102,0,名詞、形容詞,fun,【名】おもしろいこと、楽しみ<br>【形】おもしろい、楽しい,f②③,,
476,0303,204,0,形容詞,funny,おもしろい、おかしな,f②③④⑤,,
477,0302,205,0,名詞、形容詞,future,【名】未来、将来<br>【形】未来の、将来の,f②③④⑤⑥,,
478,0301,104,0,名詞,game,試合、ゲーム、遊び,g②③④,,
479,0302,205,0,名詞,garden,畑、庭、庭園,g②③④⑤⑥,,
480,0303,102,0,名詞,gate,門,g②③④,,
481,0303,204,0,動詞,gather,集まる、集める,g②③④⑤⑥,,
482,0303,302,0,名詞,gentleman,紳士、男性,g②③④⑤⑥⑦⑧⑨,,
483,0302,015,5,名詞、形容詞,German,【名】ドイツ人、ドイツ語<br>【形】ドイツの、ドイツ人の、ドイツ語の,g②③④⑤⑥,,
484,0302,015,4,名詞,Germany,ドイツ,g②③④⑤⑥⑦,,
485,0303,204,0,名詞,gesture,身振り、手ぶり、ジェスチャー,g②③④⑤⑥⑦,,
486,0301,104,0,動詞,get,得る、手に入れる、・・・になる,g②③,,
487,0302,102,0,名詞,gift,贈り物、才能,g②③④,,
488,0301,104,0,名詞,girl,女の子、少女,g②③④,,
489,0302,102,0,動詞,give,与える、あげる,g②③④,,
490,0302,102,0,形容詞,glad,うれしい、喜んで,g②③④,,
491,0302,205,0,形容詞,global,地球の、世界規模の,g②③④⑤⑥,,
492,0301,104,0,動詞,go,行く,g②,,
493,0303,102,0,名詞,goal,目標、目的,g②③④,,
494,0302,103,0,名詞,God,神,g②③,,
495,0301,104,0,形容詞,good,良い、よろしい、上手な,g②③④,,
497,0303,302,0,名詞,government,政府、政府機関,g②③④⑤⑥⑦⑧⑨⑩,,
498,0303,204,0,名詞,grade,学年、等級,g②③④⑤,,
499,0303,302,0,動詞,graduate,卒業する,g②③④⑤⑥⑦⑧,,
500,0302,302,0,名詞,grandfather,祖父、おじいさん,g②③④⑤⑥⑦⑧⑨⑩⑪,,
501,0302,302,0,名詞,grandmother,祖母、おばあさん,g②③④⑤⑥⑦⑧⑨⑩⑪,,
502,0301,011,7,名詞、形容詞,gray,【名】灰色<br>【形】灰色の,g②③④,,
503,0301,203,0,形容詞,great,すてきな、すばらしい,g②③④⑤,,
504,0301,011,3,名詞、形容詞,green,【名】緑<br>【形】緑の、青々とした,g②③④⑤,,
505,0302,205,0,動詞,greet,挨拶する、反応する,g②③④⑤,,
506,0302,302,0,名詞,greeting,挨拶,g②③④⑤⑥⑦⑧,,
507,0302,205,0,名詞,ground,地面、地上、運動場,g②③④⑤⑥,,
508,0301,203,0,名詞,group,グループ、集団,g②③④⑤,,
509,0302,103,0,動詞,grow,育つ、成長する、・・・を育てる、・・・を栽培する,g②③④,,
510,0302,205,0,動詞,guess,推測する,g②③④⑤,,
511,0303,204,0,名詞,guest,客、泊り客、ゲスト,g②③④⑤,,
512,0303,204,0,動詞、名詞,guide,【動】案内する<br>【名】ガイド、案内人,g②③④⑤,,
513,0301,203,0,名詞,guitar,ギター,g②③④⑤⑥,,
514,0301,104,0,名詞,gym,体育館,g②③,,
515,0301,104,0,名詞,hair,髪の毛、毛髪,h②③④,,
516,0303,102,0,形容詞、名詞,half,【形】半分の<br>【名】半分,h②③④,,
517,0302,103,0,名詞,hall,会館、大広間、ホール,h②③④,,
518,0303,302,0,名詞,Halloween,ハロウィーン、万聖節の前夜祭（10月31日の夜）,h②③④⑤⑥⑦⑧⑨,,
519,0301,302,0,名詞,hamburger,ハンバーガー、ハンバーグステーキ,h②③④⑤⑥⑦⑧⑨,,
520,0301,104,0,名詞,hand,手,h②③④,,
521,0302,205,0,動詞,happen,起こる、生じる,h②③④⑤⑥,,
522,0303,302,0,名詞,happiness,幸福、幸せ,h②③④⑤⑥⑦⑧⑨,,
523,0301,203,0,形容詞,happy,幸せな、うれしい,h②③④⑤,,
524,0301,104,0,形容詞、副詞,hard,【形】難しい、困難な<br>【副】いっしょうけんめいに、熱心に,h②③④,,
525,0303,204,0,名詞,harvest,収穫,h②③④⑤⑥⑦,,
527,0301,104,0,名詞,hat,（ふちのある）帽子,h②③,,
528,0303,102,0,動詞,hate,・・・するのが嫌いだ、・・・したくはない,h②③④,,
529,0301,104,0,動詞,have,持っている、食べる,h②③④,,
530,0301,203,0,名詞,Hawaii,ハワイ,h②③④⑤⑥,,
531,0301,105,0,代名詞,he,彼、彼は、彼が,h②,,
532,0301,105,0,名詞,head,頭（首から上の部分）,h②③④,,
533,0302,302,0,名詞,headache,頭痛,h②③④⑤⑥⑦⑧,,
534,0302,205,0,名詞,health,健康、健康状態,h②③④⑤⑥,,
535,0303,204,0,形容詞,healthy,健康な、健康的な,h②③④⑤⑥⑦,,
536,0302,103,0,動詞,hear,聞く、聞こえる,h②③④,,
537,0303,204,0,名詞,heart,心臓、気持ち、心,h②③④⑤,,
538,0302,103,0,動詞、名詞,heat,【動】加熱する、熱する<br>【名】熱,h②③④,,
539,0302,205,0,形容詞,heavy,重い,h②③④⑤,,
540,0301,203,0,間投詞,hello,こんにちは、やあ,h②③④⑤,,
541,0301,105,0,動詞、名詞,help,【動】手伝う<br>【名】手伝い、手助け,h②③④,,
542,0302,205,0,形容詞,helpful,役に立つ、助けになる,h②③④⑤⑥⑦,,
543,0301,105,0,代名詞,her,彼女に、彼女の、彼女を,h②③,,
544,0301,105,0,副詞、名詞,here,【副】ここに、ここへ、ここで<br>【名】ここ,h②③④,,
545,0303,102,0,名詞,hero,英雄、偉人、ヒーロー,h②③④,,
546,0301,105,0,代名詞,hers,彼女のもの,h②③④,,
547,0303,205,0,代名詞,herself,彼女自身を、彼女自身に,h②③④⑤⑥⑦,,
548,0302,103,0,間投詞,hey,ねえ、おや、やあ、ちょっと,h②③,,
549,0301,105,0,間投詞,hi,こんにちは、やあ、ねえ,h②,,
550,0301,105,0,形容詞,high,（高さ、値段、程度などが）高い,h②③④,,
551,0303,102,0,名詞,hill,丘,h②③④,,
552,0301,105,0,代名詞,him,彼を、彼に,h②③,,
553,0303,205,0,代名詞,himself,彼自身を、彼自身に,h②③④⑤⑥⑦,,
554,0301,105,0,代名詞,his,彼の、彼のもの,h②③,,
555,0302,205,0,名詞,history,歴史,h②③④⑤⑥⑦,,
556,0302,103,0,動詞,hit,打つ、当たる、叩く,h②③,,
557,0301,203,0,名詞,hobby,趣味、道楽,h②③④⑤,,
558,0301,105,0,動詞,hold,持つ、握る、抱く,h②③④,,
559,0301,105,0,名詞,hole,穴,h②③④,,
560,0303,205,0,名詞,holiday,祝日、祭日、休日,h②③④⑤⑥⑦,,
561,0301,105,0,副詞、名詞,home,【名】家、家庭<br>【副】うちへ、故郷へ,h②③④,,
562,0302,302,0,名詞,homestay,ホームステイ,h②③④⑤⑥⑦⑧,,
563,0303,302,0,名詞,hometown,生まれ育った街,h②③④⑤⑥⑦⑧,,
564,0301,302,0,名詞,homework,宿題、家庭でする仕事,h②③④⑤⑥⑦⑧,,
565,0302,103,0,動詞、名詞,hope,【動】希望する、望む<br>【名】希望、望み,h②③④,,
566,0301,203,0,名詞,horse,馬,h②③④⑤,,
567,0302,303,0,名詞,hospital,病院,h②③④⑤⑥⑦⑧,,
568,0303,102,0,名詞,host,主催者、（客をもてなす）主人,h②③④,,
569,0301,105,0,形容詞,hot,熱い、暑い,h②③,,
570,0301,203,0,名詞,hotel,ホテル、旅館,h②③④⑤,,
571,0302,103,0,名詞,hour,１時間、６０分,h②③④,,
572,0301,203,0,名詞,house,家、住宅,h②③④⑤,,
573,0303,302,0,名詞,housework,家事,h②③④⑤⑥⑦⑧⑨,,
574,0301,105,0,副詞,how,5W1H、どれくらい、どうやって、どんな具合で,h②③,,
575,0302,205,0,接続詞,however,しかしながら、だが、けれども,h②③④⑤⑥⑦,,
576,0303,205,0,名詞、形容詞,human,【名】人間<br>【形】人間の,h②③④⑤,,
577,0301,003,10,名詞、形容詞,hundred,【名】１００<br>【形】１００の,h②③④⑤⑥⑦,,
578,0301,203,0,形容詞,hungry,空腹の、飢えた,h②③④⑤⑥,,
579,0302,206,0,名詞,hunting,狩り,h②③④⑤⑥⑦,,
580,0301,203,0,動詞,hurry,急ぐ、急いで行く,h②③④⑤,,
581,0302,103,0,動詞,hurt,傷つける,h②③④,,
582,0301,302,0,名詞,husband,夫,h②③④⑤⑥⑦,,
583,0301,105,0,代名詞,I,私は、私が（文の主語に使う）,①,,
584,0301,105,0,名詞,ice,氷,i②③,,
585,0301,105,0,名詞,idea,考え、アイデア,i②③④,,
586,0302,103,0,接続詞,if,もし、もし・・・ならば,i②,,
587,0302,206,0,動詞,imagine,想像する、心に描く,i②③④⑤⑥⑦,,
588,0303,303,0,名詞,importance,重要性、大切さ,i②③④⑤⑥⑦⑧⑨⑩,,
589,0302,303,0,形容詞,important,重要な、重大な,i②③④⑤⑥⑦⑧⑨,,
590,0303,205,0,動詞,improve,改善する、向上させる、より良くする,i②③④⑤⑥⑦,,
591,0301,105,0,前置詞,in,・・・の中に、・・・で,i②,,
592,0303,303,0,前置詞,including,・・・を含めて,i②③④⑤⑥⑦⑧⑨,,
593,0303,303,0,動詞,increase,増える、増加する,i②③④⑤⑥⑦⑧,,
594,0301,203,0,名詞,India,インド,i②③④⑤,,
595,0302,015,8,名詞、形容詞,Indian,【名】インド、インド人<br>【形】インドの、インド人の,i②③④⑤⑥,,
596,0303,303,0,動詞、名詞,influence,【動】影響を与える<br>【名】影響,i②③④⑤⑥⑦⑧⑨,,
597,0302,303,0,名詞,information,情報,i②③④⑤⑥⑦⑧⑨⑩⑪,,
598,0303,205,0,動詞,injure,傷つける、けがをさせる,i②③④⑤⑥,,
599,0302,103,0,名詞,ink,インク,i②③,,
600,0302,206,0,副詞,inside,内側、内側の、内側に,i②③④⑤⑥,,
601,0303,205,0,副詞,instead,代わりに,i②③④⑤⑥⑦,,
602,0302,303,0,形容詞,interested,興味を持った,i②③④⑤⑥⑦⑧⑨⑩,,
603,0301,302,0,形容詞,interesting,おもしろい、興味深い,i②③④⑤⑥⑦⑧⑨⑩⑪,,
604,0303,303,0,形容詞,international,国際的な,i②③④⑤⑥⑦⑧⑨⑩⑪⑫⑬,,
605,0302,303,0,名詞,Internet,インターネット,i②③④⑤⑥⑦⑧,,
606,0303,303,0,動詞、名詞,interview,【動】インタビューする、面接する<br>【名】インタビュー、面接,i②③④⑤⑥⑦⑧⑨,,
607,0301,105,0,前置詞,into,中へ、内へ,i②③④,,
608,0303,303,0,動詞,introduce,紹介する,i②③④⑤⑥⑦⑧⑨,,
609,0302,206,0,動詞,invent,発明する、創作する,i②③④⑤⑥,,
610,0302,206,0,動詞,invite,招待する,i②③④⑤⑥,,
612,0303,205,0,名詞,island,島,i②③④⑤⑥,,
613,0301,106,0,代名詞,it,それは、それが、それを、それに,i②,,
614,0301,106,0,代名詞,its,その、それの,i②③,,
615,0301,203,0,名詞,jacket,上着、ジャケット,j②③④⑤⑥,,
616,0303,102,0,名詞,jam,ジャム、混雑,j②③,,
617,0301,010,1,名詞,January,１月,j②③④⑤⑥⑦,,
618,0301,014,1,名詞,Japan,日本国,j②③④⑤,,
619,0301,014,2,名詞、形容詞,Japanese,【名】日本人、日本語<br>【形】日本の、日本人の、日本語の,j②③④⑤⑥⑦⑧,,
620,0302,103,0,名詞,job,職業、仕事,j②③,,
621,0303,102,0,動詞,join,参加する、加わる、繋ぐ,j②③④,,
622,0303,102,0,名詞,joke,冗談、しゃれ,j②③④,,
623,0303,303,0,名詞,journalist,ジャーナリスト,j②③④⑤⑥⑦⑧⑨⑩,,
624,0301,106,0,名詞,joy,喜び　　　,j②③,,
625,0301,204,0,名詞,juice,（果物、肉などの）液、ジュース,j②③④⑤,,
626,0301,010,7,名詞,July,７月,j②③④,,
627,0301,106,0,動詞,jump,跳ぶ,j②③④,,
628,0301,010,6,名詞,June,６月,j②③④,,
629,0302,206,0,名詞,jungle,密林、ジャングル,j②③④⑤⑥,,
630,0301,204,0,形容詞,junior,年少の、年下の、下位の,j②③④⑤⑥,,
631,0301,106,0,副詞,just,ちょうど、まさに、たった今,j②③④,,
632,0302,103,0,動詞,keep,保存する、保つ、ずっと・・・である,k②③④,,
633,0301,106,0,名詞,kid,子供,k②③,,
634,0303,102,0,動詞,kill,殺す,k②③④,,
635,0302,303,0,名詞,kilogram,キログラム,k②③④⑤⑥⑦⑧,,
636,0301,302,0,名詞,kilometer,キロメートル,k②③④⑤⑥⑦⑧⑨,,
637,0301,106,0,名詞,king,王,k②③④,,
638,0302,206,0,名詞,kitchen,台所、調理場,k②③④⑤⑥⑦,,
639,0302,206,0,名詞,knife,ナイフ、小刀,k②③④⑤,,
640,0301,106,0,動詞,know,知っている、知る,k②③④,,
641,0303,103,0,名詞,lady,女性、婦人,l②③④,,
642,0302,103,0,名詞,lake,湖,l②③④,,
643,0303,103,0,名詞,land,土地、国,l②③④,,
644,0302,303,0,名詞,language,言語、言葉,l②③④⑤⑥⑦⑧,,
645,0302,206,0,形容詞,large,（広くて）大きい、（数･量が）多い,l②③④⑤,,
646,0301,106,0,形容詞,last,最後の、この前の,l②③④,,
647,0301,106,0,形容詞,late,遅れた、遅い、遅刻した,l②③④,,
648,0302,206,0,副詞,later,後で、後ほど,l②③④⑤,,
649,0303,205,0,動詞,laugh,（声を出して）笑う,l②③④⑤,,
650,0303,205,0,名詞,lawyer,弁護士、法律家,l②③④⑤⑥,,
651,0303,103,0,動詞,lead,導く、案内する　,l②③④,,
652,0303,205,0,名詞,leader,指導者、リーダー,l②③④⑤⑥,,
653,0301,204,0,動詞,learn,学ぶ、覚える、知る,l②③④⑤,,
654,0301,204,0,動詞,leave,去る、出発する、残す、置いていく、忘れる,l②③④⑤,,
655,0301,106,0,名詞、副詞,left,【名】左、左側<br>【副】左へ、左側の、左の方に,l②③④,,
656,0301,106,0,名詞,leg,足、すね,l②③,,
657,0301,204,0,名詞,lemon,レモン,l②③④⑤,,
658,0302,103,0,動詞,lend,貸す,l②③④,,
659,0302,206,0,名詞,lesson,授業、レッスン,l②③④⑤⑥,,
660,0303,103,0,動詞,let,させる,l②③,,
661,0301,204,0,名詞,letter,手紙,l②③④⑤⑥,,
662,0302,206,0,名詞,level,水準、水平、レベル,l②③④⑤,,
663,0301,302,0,名詞,library,図書館、図書室,l②③④⑤⑥⑦,,
664,0303,103,0,動詞,lie,横たわる、横になる,l②③,,
665,0302,103,0,名詞,life,生活、一生、人生、生命、命,l②③④,,
666,0301,106,0,動詞、前置詞,like,【動】・・・を好む、・・・が好きである<br>【前】・・・のような,l②③④,,
667,0303,103,0,名詞,line,線、行、線路、並び,l②③④,,
668,0301,106,0,名詞,lion,ライオン,l②③④,,
669,0301,204,0,動詞,listen,（じっと）聞く、耳を傾ける,l②③④⑤⑥,,
670,0301,204,0,形容詞、副詞,little,【形】小さい、少し、かわいらしい、幼い<br>【副】少し・・・,l②③④⑤⑥,,
671,0301,106,0,動詞,live,暮らす、暮らしている、住む、住んでいる、生きている,l②③④,,
672,0303,205,0,形容詞,local,地元の,l②③④⑤,,
673,0301,204,0,名詞,London,ロンドン（英国の首都）,l②③④⑤⑥,,
674,0303,205,0,形容詞,lonely,孤独の、寂しい、孤立した,l②③④⑤⑥,,
675,0301,106,0,形容詞、副詞,long,【形】長い<br>【副】長く,l②③④,,
676,0301,106,0,動詞,look,（注意してよく）見る、（外見が）・・・に見える,l②③④,,
677,0301,106,0,動詞,lose,失う、負ける,l②③④,,
678,0301,106,0,名詞,lot,たくさん、くじ引き、地区,l②③,,
679,0302,103,0,形容詞,loud,（声が）大きい,l②③④,,
680,0303,205,0,副詞,loudly,派手に、大声で,l②③④⑤⑥,,
681,0301,106,0,名詞、動詞,love,【名】愛<br>【動】愛する,l②③④,,
682,0303,103,0,形容詞,low,低い,l②③,,
683,0303,103,0,名詞,luck,運、幸運,l②③④,,
684,0303,205,0,形容詞,lucky,幸運な、運のよい,l②③④⑤,,
685,0301,204,0,名詞,lunch,昼食、弁当,l②③④⑤,,
686,0303,205,0,名詞,machine,機械,m②③④⑤⑥⑦,,
687,0302,303,0,名詞,magazine,雑誌,m②③④⑤⑥⑦⑧,,
688,0302,103,0,形容詞,main,主な、主要な,m②③④,,
689,0301,107,0,動詞,make,作る、（対象を新しい別のもの･状態に）する,m②③④,,
690,0301,107,0,名詞,man,男、男性、男の人,m②③,,
691,0301,107,0,形容詞、名詞、代名詞,many,【形】多くの<br>【名】多くのもの<br>【代】・・・の多く,m②③④,,
692,0302,103,0,名詞,map,地図,m②③,,
693,0301,010,3,名詞,March,３月,m②③④⑤,,
694,0303,205,0,名詞,market,市、市場,m②③④⑤⑥,,
695,0301,107,0,名詞,mask,お面、マスク,m②③④,,
696,0303,205,0,名詞,match,試合,m②③④⑤,,
697,0301,107,0,名詞,math,数学,m②③④,,
698,0301,204,0,名詞,matter,事柄、困ったこと,m②③④⑤⑥,,
699,0301,010,5,名詞,may,５月,m②③,,
700,0302,104,0,助動詞,may,・・・してもよい、・・・かもしれない、たぶん・・・だろう,m②③,,
701,0302,206,0,副詞,maybe,たぶん、もしかすると,m②③④⑤,,
702,0301,107,0,代名詞,me,私を、私に,m②,,
703,0302,104,0,名詞,meal,食事,m②③④,,
704,0302,104,0,動詞,mean,意味する、・・・の意味である,m②③④,,
705,0301,302,0,名詞,meaning,意味、意義,m②③④⑤⑥⑦,,
706,0302,104,0,名詞,meat,肉,m②③④,,
707,0302,303,0,名詞,medicine,薬、医薬,m②③④⑤⑥⑦⑧,,
708,0301,107,0,動詞,meet,会う、出会う,m②③④,,
709,0302,206,0,名詞,meeting,集まり、会議,m②③④⑤⑥⑦,,
710,0303,103,0,動詞,melt,溶ける、融ける,m②③④,,
711,0301,204,0,名詞,member,会員、一員、メンバー,m②③④⑤⑥,,
712,0303,205,0,名詞,memory,思い出、記憶、記念、記憶装置,m②③④⑤⑥,,
713,0302,104,0,名詞,menu,献立表、メニュー,m②③④,,
714,0302,206,0,名詞,message,メッセージ、伝言,m②③④⑤⑥⑦,,
715,0302,206,0,名詞,meter,メートル,m②③④⑤,,
716,0302,206,0,名詞,middle,真ん中、中間、中央,m②③④⑤⑥,,
717,0301,107,0,名詞,milk,牛乳、ミルク,m②③④,,
718,0302,003,10000,名詞、形容詞,million,【名】100万<br>【形】100万の,m②③④⑤⑥⑦,,
719,0303,103,0,名詞,mind,心、気にする,m②③④,,
720,0301,107,0,代名詞,mine,私のもの,m②③④,,
721,0302,206,0,名詞,minute,（時間の）分、少しの間.,m②③④⑤⑥,,
722,0302,206,0,名詞,mirror,鏡、映す,m②③④⑤⑥,,
723,0303,103,0,動詞,miss,（機会などを）逃す、（乗り物に）乗り遅れる,m②③④,,
724,0303,205,0,名詞,mistake,誤り、間違い,m②③④⑤⑥⑦,,
725,0301,107,0,名詞,mom,ママ、お母さん,m②③,,
726,0302,206,0,名詞,moment,瞬間,m②③④⑤⑥,,
727,0301,009,2,名詞,Monday,月曜日,m②③④⑤⑥,,
728,0302,207,0,名詞,money,お金,m②③④⑤,,
729,0301,204,0,名詞,month,月、ひと月、月間,m②③④⑤,,
730,0303,103,0,名詞,moon,（天体の）月,m②③④,,
731,0302,104,0,形容詞、名詞,more,【形】もっと多くの（数えられるもの、人）<br>【名】もっと多くのもの,m②③④,,
733,0301,302,0,名詞,morning,朝、午前,m②③④⑤⑥⑦,,
734,0302,104,0,代名詞,most,・・・の大部分,m②③④,,
736,0301,204,0,名詞,mother,母、母親,m②③④⑤⑥,,
737,0302,303,0,名詞,mountain,山,m②③④⑤⑥⑦⑧,,
738,0301,204,0,名詞,mouth,口,m②③④⑤,,
739,0303,103,0,動詞,move,動く、移動する、動かす、感動させる,m②③④,,
740,0303,303,0,名詞,movement,（社会的）運動、活動、体の動き、動作、身ぶり,m②③④⑤⑥⑦⑧,,
741,0301,204,0,名詞,movie,映画,m②③④⑤,,
742,0301,107,0,形容詞、副詞,much,【形】多くの、たくさんの、多量の<br>【副】はるかに、非常に,m②③④,,
743,0301,204,0,名詞,museum,博物館、美術館,m②③④⑤⑥,,
744,0301,204,0,名詞,music,音楽,m②③④⑤,,
745,0303,303,0,名詞,musician,音楽家,m②③④⑤⑥⑦⑧,,
746,0302,104,0,助動詞,must,必須、しなければならない、・・・にちがいない,m②③④,,
747,0301,107,0,代名詞,my,私の,m②,,
748,0303,206,0,代名詞,myself,私自身、自分自身,m②③④⑤⑥,,
749,0303,303,0,形容詞,mysterious,神秘的な,m②③④⑤⑥⑦⑧⑨⑩,,
750,0302,104,0,名詞,nail,爪,n②③④,,
751,0301,107,0,名詞、動詞,name,【名】名前<br>【動】名付ける,n②③④,,
752,0303,303,0,形容詞,national,国家の、国立の,n②③④⑤⑥⑦⑧,,
753,0302,207,0,形容詞,native,出生地の、自国の、本来の、その土地に生まれ育った,n②③④⑤⑥,,
754,0302,207,0,形容詞,natural,自然の、当然の,n②③④⑤⑥⑦,,
755,0301,204,0,名詞,nature,自然,n②③④⑤⑥,,
756,0301,107,0,前置詞,near,・・・の近くに、・・・の近くの,n②③④,,
757,0303,303,0,形容詞,necessary,必要な、なくてはならない,n②③④⑤⑥⑦⑧⑨,,
758,0302,104,0,動詞、名詞,need,【動】・・・する必要がある<br>【名】必要、必要性,n②③④,,
759,0302,303,0,名詞,neighbor,近所の人、隣人,n②③④⑤⑥⑦⑧,,
760,0302,207,0,形容詞,nervous,神経質な、緊張して,n②③④⑤⑥⑦,,
761,0303,206,0,副詞,never,決して・・・ない、まだ一度も・・・ない,n②③④⑤,,
762,0301,107,0,形容詞,new,新しい,n②③,,
763,0302,104,0,名詞,news,報道、ニュース,n②③④,,
764,0302,303,0,名詞,newspaper,新聞、新聞紙,n②③④⑤⑥⑦⑧⑨,,
765,0301,107,0,形容詞、副詞,next,【形】次の、隣の<br>【副】次に、隣に,n②③④,,
766,0301,107,0,形容詞,nice,すてきな、すばらしい、良い,n②③④,,
767,0301,204,0,名詞,night,夜、晩,n②③④⑤,,
768,0301,001,9,名詞、形容詞,nine,【名】９、ここのつ<br>【形】９の、ここのつの,n②③④,,
769,0301,002,9,名詞、形容詞,nineteen,【名】１９<br>【形】１９の,n②③④⑤⑥⑦⑧,,
770,0301,003,9,名詞、形容詞,ninety,【名】９０<br>【形】９０の,n②③④⑤⑥,,
771,0301,004,9,名詞、形容詞,ninth,【名】９番目<br>【形】９番目の,n②③④⑤,,
772,0301,107,0,形容詞、副詞,no,【形】一つも・・・ない、一人も・・・ない<br>【副】返答で「いいえ」,n②,,
773,0303,206,0,代名詞,nobody,誰も・・・ない,n②③④⑤⑥,,
774,0303,206,0,名詞,noodle,麺,n②③④⑤⑥,,
775,0301,107,0,名詞,noon,正午、昼の１２時　　　　,n②③④,,
776,0301,017,1,名詞、形容詞、副詞,north,【名】北、北部、北方<br>【形】北の<br>【副】北へ,n②③④⑤,,
777,0301,107,0,名詞,nose,鼻,n②③④,,
778,0301,107,0,副詞,not,・・・しない、・・・でない,n②③,,
779,0301,302,0,名詞,notebook,ノート、手帳,n②③④⑤⑥⑦⑧,,
780,0303,206,0,代名詞,nothing,何も・・・ない、少しも・・・ない,n②③④⑤⑥⑦,,
781,0301,010,11,名詞,November,１１月,n②③④⑤⑥⑦⑧,,
782,0301,108,0,副詞、名詞,now,【副】今は、現在は<br>【名】今、現在,n②③,,
783,0301,205,0,名詞,number,数、番号,n②③④⑤⑥,,
784,0302,207,0,名詞,nurse,看護師、保健の先生,n②③④⑤,,
785,0302,207,0,名詞,nursery,子供部屋、育児室、託児所,n②③④⑤⑥⑦,,
786,0301,205,0,名詞,ocean,海、海洋,o②③④⑤,,
787,0301,010,10,名詞,October,１０月,o②③④⑤⑥⑦,,
788,0301,302,0,名詞,octopus,蛸,o②③④⑤⑥⑦,,
789,0301,108,0,前置詞,of,・・・の,o②,,
790,0301,108,0,副詞,off,離れて、離して,o②③,,
791,0302,207,0,名詞,office,事務所,o②③④⑤⑥,,
792,0302,207,0,名詞,officer,係員、役人,o②③④⑤⑥⑦,,
793,0301,205,0,副詞,often,しばしば、よく、たびたび,o②③④⑤,,
794,0301,108,0,間投詞,oh,ああ、おお、まあ、おや、あら,o②,,
795,0303,103,0,名詞,oil,油、石油,o②③,,
797,0301,108,0,形容詞,old,古い、・・・歳で,o②③,,
798,0303,303,0,名詞,Olympics,オリンピック,o②③④⑤⑥⑦⑧,,
799,0301,108,0,前置詞,on,（時間）・・・に、（接触）・・・の上に、（道具）・・・で,o②,,
800,0302,104,0,接続詞、副詞,once,【副】一度、一回・・・した、する<br>【接】いったん,o②③④,,
801,0301,001,1,名詞、代名詞、形容詞,one,【名】１、ひとつ<br>【形】１の、ひとつの、唯一の<br>【代】（・・・の中の）ひとつ、一員,o②③,,
802,0302,104,0,形容詞、副詞,only,【形】…だけ<br>【副】…するだけ,o②③④,,
803,0301,108,0,動詞、形容詞,open,【動】開く、開ける<br>【形】開いている,o②③④,,
804,0303,206,0,名詞,opinion,意見、主張,o②③④⑤⑥⑦,,
805,0301,108,0,接続詞,or,または、あるいは,o②,,
806,0301,011,9,名詞、形容詞,orange,【名】オレンジ、オレンジ色<br>【形】オレンジ色の,o②③④⑤⑥,,
807,0303,206,0,動詞、名詞,order,【動】注文する、命令する<br>【名】注文、命令、順序、秩序,o②③④⑤,,
808,0302,303,0,形容詞,original,独自の、最初の、原型の,o②③④⑤⑥⑦⑧,,
809,0303,303,0,副詞,originally,もともとは、本来は,o②③④⑤⑥⑦⑧⑨⑩,,
810,0301,205,0,代名詞、形容詞,other,【代】他の物、他の人<br>【形】他の,o②③④⑤,,
811,0301,108,0,代名詞,our,私たちの、われわれの,o②③,,
812,0301,108,0,代名詞,ours,私たちのもの,o②③④,,
813,0303,303,0,代名詞,ourselves,私たちを、私たちに,o②③④⑤⑥⑦⑧⑨,,
814,0301,108,0,副詞,out,外へ、外で,o②③,,
815,0303,206,0,副詞,outside,外側の、外側に,o②③④⑤⑥⑦,,
816,0301,108,0,前置詞、副詞,over,【前】向こうへ、…以上で<br>【副】・・・の上を、・・・の上に,o②③④,,
817,0303,303,0,副詞,overseas,海外へ,o②③④⑤⑥⑦⑧,,
818,0302,104,0,形容詞,own,自分の、自身の,o②③,,
819,0302,104,0,名詞,pain,痛み、苦痛,p②③④,,
820,0303,206,0,動詞,paint,（絵具）で描く,p②③④⑤,,
821,0301,302,0,名詞,painting,絵を描くこと、塗る、絵,p②③④⑤⑥⑦⑧,,
822,0303,103,0,名詞,pair,一対、一組,p②③④,,
823,0301,205,0,名詞,panda,パンダ,p②③④⑤,,
824,0302,207,0,名詞,paper,紙,p②③④⑤,,
825,0303,303,0,名詞,Paralympics,パラリンピック,p②③④⑤⑥⑦⑧⑨⑩⑪,,
827,0301,205,0,名詞,parent,親,p②③④⑤⑥,,
828,0303,206,0,名詞,Paris,パリ（フランスの首都）,p②③④⑤,,
829,0301,108,0,名詞,park,公園、遊園地,p②③④,,
830,0302,104,0,名詞,part,一部、部分、役割、役目,p②③④,,
831,0302,207,0,名詞,party,パーティ,p②③④⑤,,
832,0302,104,0,動詞,pass,渡す、通過する,p②③④,,
833,0302,303,0,名詞,passport,旅券、パスポート,p②③④⑤⑥⑦⑧,,
834,0303,103,0,形容詞、名詞,past,【形】過去の<br>【名】過去,p②③④,,
835,0302,207,0,名詞、形容詞,patient,【名】患者、病人<br>【形】我慢強い,p②③④⑤⑥⑦,,
836,0302,104,0,動詞,pay,支払う、払う,p②③,,
837,0303,206,0,名詞,peace,平和,p②③④⑤,,
838,0301,108,0,名詞,pen,ペン,p②③,,
839,0301,205,0,名詞,pencil,鉛筆,p②③④⑤⑥,,
840,0301,205,0,名詞,people,人々、国民,p②③④⑤⑥,,
841,0302,207,0,名詞,percent,割合、パーセント,p②③④⑤⑥⑦,,
842,0303,206,0,形容詞,perfect,完全な、申し分ない,p②③④⑤⑥⑦,,
843,0303,206,0,動詞,perform,演じる、演奏する,p②③④⑤⑥⑦,,
844,0303,303,0,名詞,performance,上演、演奏、演技,p②③④⑤⑥⑦⑧⑨⑩⑪,,
845,0303,206,0,名詞,period,期間、時代、区切り,p②③④⑤⑥,,
846,0302,207,0,名詞,person,人,p②③④⑤⑥,,
847,0302,303,0,形容詞,personal,個人的な、個人の,p②③④⑤⑥⑦⑧,,
848,0301,108,0,名詞,pet,ペット,p②③,,
849,0301,205,0,名詞,phone,電話,p②③④⑤,,
850,0301,205,0,名詞,photo,写真,p②③④⑤,,
851,0303,303,0,名詞,photographer,写真家、カメラマン,p②③④⑤⑥⑦⑧⑨⑩⑪⑫,,
852,0303,206,0,名詞,phrase,言葉遣い、表現、言いまわし,p②③④⑤⑥,,
853,0301,205,0,名詞,piano,ピアノ,p②③④⑤,,
854,0301,108,0,動詞,pick,取り上げる、拾い上げる,p②③④,,
855,0303,206,0,名詞,picnic,行楽、ピクニック,p②③④⑤⑥,,
856,0301,302,0,名詞,picture,絵、写真,p②③④⑤⑥⑦,,
857,0303,206,0,名詞,piece,断片、破片、一片,p②③④⑤,,
858,0301,011,10,名詞、形容詞,pink,【名】ピンク色<br>【形】ピンク色の,p②③④,,
859,0301,205,0,名詞,pizza,ピザ,p②③④⑤,,
860,0301,205,0,名詞,place,場所、所,p②③④⑤,,
861,0302,104,0,動詞、名詞,plan,【動】計画する、立案する<br>【名】計画、案,p②③④,,
862,0302,207,0,名詞,plane,飛行機,p②③④⑤,,
863,0303,206,0,名詞,plant,植物、草木,p②③④⑤,,
864,0302,207,0,名詞、形容詞,plastic,【名】プラスチック、ビニール<br>【形】プラスチックの、ビニールの,p②③④⑤⑥⑦,,
865,0303,206,0,名詞,plate,皿、取り皿、板,p②③④⑤,,
866,0301,108,0,動詞,play,遊ぶ、（スポーツ・ゲームなどを）する、（楽器）を演奏する,p②③④,,
867,0301,205,0,名詞,player,選手、演奏者,p②③④⑤⑥,,
868,0301,205,0,間投詞,please,どうぞ、すみませんが,p②③④⑤⑥,,
869,0301,205,0,名詞,pocket,ポケット,p②③④⑤⑥,,
870,0302,207,0,名詞、動詞,point,【名】点、要点<br>【動】・・・を指し示す,p②③④⑤,,
871,0302,207,0,名詞,police,警察,p②③④⑤⑥,,
872,0303,206,0,形容詞,polite,丁寧な、礼儀正しい、上品な,p②③④⑤⑥,,
873,0303,304,0,名詞,pollution,汚染、公害,p②③④⑤⑥⑦⑧⑨,,
874,0302,104,0,名詞,pool,プール、水たまり、小さな池,p②③④,,
875,0302,105,0,形容詞,poor,貧しい、乏しい、不十分な,p②③④,,
876,0301,302,0,形容詞,popular,人気のある、流行の,p②③④⑤⑥⑦,,
877,0303,304,0,形容詞,positive,積極的な、肯定的な、前向きな,p②③④⑤⑥⑦⑧,,
878,0303,304,0,形容詞,possible,可能な、実行できる、起こりうる,p②③④⑤⑥⑦⑧,,
879,0301,108,0,名詞,post,郵便,p②③④,,
880,0303,304,0,名詞,postcard,郵便はがき、絵はがき,p②③④⑤⑥⑦⑧,,
881,0303,207,0,名詞,poster,ポスター,p②③④⑤⑥,,
882,0302,105,0,名詞,pot,つぼ、なべ,p②③,,
883,0303,207,0,名詞,potato,ジャガイモ,p②③④⑤⑥,,
884,0303,207,0,名詞,power,力,p②③④⑤,,
885,0303,304,0,形容詞,powerful,力強い、迫力のある、強力な,p②③④⑤⑥⑦⑧,,
886,0301,302,0,動詞、名詞,practice,【動】練習する、実行する<br>【名】練習、実践,p②③④⑤⑥⑦⑧,,
887,0303,304,0,名詞,prefecture,県,p②③④⑤⑥⑦⑧⑨⑩,,
888,0303,207,0,動詞,prepare,準備する,p②③④⑤⑥⑦,,
889,0301,205,0,形容詞、副詞,pretty,【形】（小さくて）かわいい、きれいな<br>【副】かなり,p②③④⑤⑥,,
890,0303,207,0,動詞、名詞,print,【動】印刷する<br>【名】印刷,p②③④⑤,,
891,0303,207,0,名詞,prize,賞、ほうび、賞品,p②③④⑤,,
892,0302,207,0,名詞,problem,問題、課題,p②③④⑤⑥⑦,,
893,0303,207,0,動詞,produce,・・・を生み出す、生産する,p②③④⑤⑥⑦,,
894,0302,207,0,名詞,product,製品、生産物、作品,p②③④⑤⑥⑦,,
895,0303,304,0,形容詞,professional,専門の、玄人の,p②③④⑤⑥⑦⑧⑨⑩⑪⑫,,
896,0301,302,0,名詞,program,番組、計画、プログラム,p②③④⑤⑥⑦,,
897,0302,303,0,名詞,programmer,プログラマー,p②③④⑤⑥⑦⑧⑨⑩,,
898,0303,207,0,名詞,project,企画、計画,p②③④⑤⑥⑦,,
899,0302,207,0,動詞、名詞,promise,【動】約束する<br>【名】約束,p②③④⑤⑥⑦,,
900,0302,208,0,動詞,protect,保護する、守る,p②③④⑤⑥⑦,,
901,0302,208,0,形容詞,proud,誇る、誇りとする,p②③④⑤,,
902,0302,208,0,形容詞,public,公の、公共の,p②③④⑤⑥,,
903,0302,208,0,名詞,purpose,目的、つもり,p②③④⑤⑥⑦,,
904,0302,105,0,動詞,push,押す,p②③④,,
905,0301,108,0,動詞,put,置く、付ける,p②③,,
906,0301,302,0,名詞,question,質問、問い,q②③④⑤⑥⑦⑧,,
907,0303,207,0,形容詞,quick,素早い、速い,q②③④⑤,,
908,0303,207,0,副詞,quickly,素早く、速く,q②③④⑤⑥⑦,,
909,0303,207,0,形容詞,quiet,静かな、おとなしい,q②③④⑤,,
910,0303,207,0,副詞,quite,とても、本当に,q②③④⑤,,
911,0301,108,0,名詞,quiz,質問、クイズ,q②③④,,
912,0301,205,0,名詞,rabbit,兎,r②③④⑤⑥,,
913,0301,205,0,名詞,racket,ラケット,r②③④⑤⑥,,
914,0303,207,0,名詞,radio,ラジオ,r②③④⑤,,
915,0302,105,0,名詞、動詞,rain,【名】雨<br>【動】雨が降る,r②③④,,
916,0302,208,0,形容詞,rainy,雨降りの、雨の多い,r②③④⑤,,
917,0302,208,0,動詞,raise,持ち上げる、高める、引き上げる,r②③④⑤,,
918,0302,208,0,動詞,reach,着く、到着する、・・・に手が届く,r②③④⑤,,
919,0301,205,0,形容詞,ready,用意ができて、準備ができて,r②③④⑤,,
920,0302,105,0,形容詞,real,本当の、本物の、実在する,r②③④,,
921,0303,207,0,動詞,realize,実感する、理解する、・・・を悟る,r②③④⑤⑥⑦,,
922,0301,206,0,副詞,really,本当に、実際に、ほんうに,r②③④⑤⑥,,
923,0302,208,0,名詞,reason,理由、わけ,r②③④⑤⑥,,
924,0303,207,0,動詞,receive,受け取る、もらう,r②③④⑤⑥⑦,,
925,0303,207,0,名詞,recipe,（料理などの）作り方、レシピ,r②③④⑤⑥,,
926,0303,207,0,動詞,recycle,再生する、再利用する,r②③④⑤⑥⑦,,
927,0301,011,1,名詞、形容詞,red,【名】赤<br>【形】赤の、赤い,r②③,,
928,0303,207,0,動詞,reduce,減らす、減少させる,r②③④⑤⑥,,
929,0303,207,0,動詞,refuse,拒否する、断る、辞退する,r②③④⑤⑥,,
930,0303,207,0,形容詞,regular,規則的な、定期的な,r②③④⑤⑥⑦,,
931,0302,303,0,動詞,remember,覚えている、思い出す,r②③④⑤⑥⑦⑧,,
932,0303,208,0,動詞,remind,思い出させる,r②③④⑤⑥,,
933,0303,208,0,動詞,repair,修理する、直す,r②③④⑤⑥,,
934,0303,208,0,動詞、名詞,report,【動】報告する<br>【名】報告書,r②③④⑤⑥,,
935,0302,208,0,動詞,rescue,救い出す、救出する,r②③④⑤⑥,,
936,0303,304,0,動詞、名詞,research,【動】研究する、調査する<br>【名】研究、調査,r②③④⑤⑥⑦⑧,,
937,0303,208,0,動詞、名詞,respect,【動】尊敬する，尊重する<br>【名】尊敬，尊重,r②③④⑤⑥⑦,,
938,0301,302,0,名詞,restaurant,レストラン,r②③④⑤⑥⑦⑧⑨⑩,,
939,0302,208,0,動詞,return,帰る、戻る,r②③④⑤⑥,,
940,0303,208,0,動詞,reuse,再利用する,r②③④⑤,,
941,0301,109,0,名詞,rice,米、ごはん,r②③④,,
942,0303,103,0,形容詞,rich,豊かな、金持ちの,r②③④,,
943,0303,103,0,動詞,ride,乗る、乗って行く　,r②③④,,
944,0303,103,0,動詞、名詞,ring,【動】鳴る<br>【名】指輪、輪,r②③④,,
945,0303,103,0,動詞、名詞,rise,【動】上がる<br>【名】上昇,r②③④,,
946,0302,208,0,名詞,river,川,r②③④⑤,,
947,0302,105,0,名詞,road,道路、道,r②③④,,
948,0302,208,0,名詞,robot,ロボット,r②③④⑤,,
949,0301,109,0,名詞,rock,岩、岩石,r②③④,,
950,0303,104,0,名詞,roof,屋根、天井,r②③④,,
951,0301,109,0,名詞,room,部屋、室,r②③④,,
952,0303,104,0,名詞,rope,綱、ロープ,r②③④,,
953,0302,208,0,名詞、形容詞,round,【名】丸、円形<br>【形】丸い、円形の,r②③④⑤,,
954,0302,105,0,名詞,rule,規則、ルール,r②③④,,
955,0301,206,0,名詞,ruler,ものさし、定規,r②③④⑤,,
956,0301,109,0,動詞,run,走る、走って行く,r②③,,
957,0302,015,9,名詞,Russia,ロシア（連邦）,r②③④⑤⑥,,
958,0302,105,0,形容詞,sad,悲しい,s②③,,
959,0303,104,0,形容詞,safe,安全な、無事な,s②③④,,
960,0302,208,0,副詞,safely,安全に、無事に,s②③④⑤⑥,,
961,0303,208,0,名詞,salad,サラダ,s②③④⑤,,
962,0303,104,0,名詞,salt,塩、食塩,s②③④,,
963,0302,105,0,代名詞、形容詞,same,【代】同じもの<br>【形】同じ,s②③④,,
964,0301,303,0,名詞,sandwich,サンドイッチ,s②③④⑤⑥⑦⑧,,
965,0301,009,7,名詞,Saturday,土曜日,s②③④⑤⑥⑦⑧,,
966,0302,105,0,動詞,save,救う、助ける、節約する、蓄える,s②③④,,
967,0301,109,0,動詞,say,言う,s②③,,
968,0303,208,0,名詞,scene,場面、舞台,s②③④⑤,,
969,0301,206,0,名詞,school,学校,s②③④⑤⑥,,
970,0301,303,0,名詞,science,理科、自然科学,s②③④⑤⑥⑦,,
971,0303,304,0,名詞,scientist,科学者,s②③④⑤⑥⑦⑧⑨,,
972,0302,105,0,名詞,sea,海,s②③,,
973,0301,206,0,名詞,season,季節,s②③④⑤⑥,,
974,0303,104,0,名詞,seat,席、すわる物,s②③④,,
975,0301,004,2,名詞、形容詞、副詞,second,【名】２番目、第２、秒<br>【形】２番目の、第２の<br>【副】２番目に、第２に,s②③④⑤⑥,,
976,0303,208,0,名詞,section,部分、断片、（建物・部屋などの）仕切られた場所,s②③④⑤⑥⑦,,
977,0301,109,0,動詞,see,見る、見える、目に映る,s②③,,
978,0302,105,0,動詞,sell,売る、売っている、売れる,s②③④,,
979,0302,105,0,動詞,send,送る,s②③④,,
980,0302,208,0,名詞,sense,感覚、感触、センス,s②③④⑤,,
981,0303,304,0,動詞,separate,引き離す、分ける,s②③④⑤⑥⑦⑧,,
982,0301,010,9,名詞,September,９月,s②③④⑤⑥⑦⑧⑨,,
983,0303,208,0,形容詞,serious,重大な、深刻な,s②③④⑤⑥⑦,,
984,0303,208,0,動詞,serve,供する、（食事・飲み物）を出す,s②③④⑤,,
985,0303,104,0,名詞、動詞,set,【名】セット<br>【動】・・・を置く,s②③,,
986,0301,001,7,名詞、形容詞,seven,【名】７、ななつ<br>【形】７の、ななつの,s②③④⑤,,
987,0301,002,7,名詞、形容詞,seventeen,【名】１７<br>【形】１７の,s②③④⑤⑥⑦⑧⑨,,
988,0301,004,7,名詞、形容詞,seventh,【名】７番目<br>【形】７番目の,s②③④⑤⑥⑦,,
989,0301,003,7,名詞、形容詞,seventy,【名】７０<br>【形】７０の,s②③④⑤⑥⑦,,
990,0302,208,0,形容詞,several,いくつかの、いく人かの,s②③④⑤⑥⑦,,
991,0302,208,0,動詞,shake,振る、ゆざぶる,s②③④⑤,,
992,0302,208,0,助動詞,shall,・・・するだろう,s②③④⑤,,
993,0302,208,0,名詞,shape,形、姿,s②③④⑤,,
994,0303,208,0,動詞,share,分け合う、共有する、分担する,s②③④⑤,,
995,0301,109,0,代名詞,she,彼女は、彼女が,s②③,,
996,0303,208,0,動詞,shine,光る、輝く,s②③④⑤,,
997,0302,105,0,名詞,ship,船,s②③④,,
998,0302,208,0,名詞,shirt,シャツ、ワイシャツ,s②③④⑤,,
999,0303,208,0,動詞、名詞,shock,【動】衝撃を与える<br>【名】ショック,s②③④⑤,,
1000,0302,105,0,名詞,shoe,靴,s②③④,,
1001,0302,105,0,名詞,shop,小売店、店,s②③④,,
1002,0302,303,0,名詞,shopping,買い物,s②③④⑤⑥⑦⑧,,
1003,0301,206,0,形容詞,short,短い、背が低い,s②③④⑤,,
1004,0302,209,0,助動詞,should,・・・すべきである、・・・したほうがいい,s②③④⑤⑥,,
1005,0303,304,0,名詞,shoulder,肩,s②③④⑤⑥⑦⑧,,
1006,0302,209,0,動詞,shout,叫ぶ、大声で言う,s②③④⑤,,
1007,0301,109,0,動詞、名詞,show,【動】見せる<br>【名】劇、ショー,s②③④,,
1008,0301,206,0,名詞,shrine,神社、神宮,s②③④⑤⑥,,
1009,0302,105,0,形容詞,shy,恥ずかしがり屋の、内気な,s②③,,
1010,0302,105,0,形容詞,sick,病気の、病気で,s②③④,,
1011,0303,104,0,名詞,side,横、わき、側面　　　,s②③④,,
1012,0302,303,0,名詞,sightseeing,観光,s②③④⑤⑥⑦⑧⑨⑩⑪,,
1013,0301,109,0,名詞,sign,しるし、標識、看板,s②③④,,
1014,0302,209,0,形容詞,similar,似た、同様な、類似の,s②③④⑤⑥⑦,,
1015,0303,208,0,形容詞,simple,簡単な、単純な、分かりやすい,s②③④⑤⑥,,
1016,0303,208,0,前置詞、接続詞,since,【前】…から<br>【接】…から,s②③④⑤,,
1017,0301,109,0,動詞,sing,歌う,s②③④,,
1018,0303,304,0,名詞,Singapore,シンガポール,s②③④⑤⑥⑦⑧⑨,,
1019,0301,206,0,名詞,singer,歌手,s②③④⑤⑥,,
1020,0303,208,0,形容詞,single,たった１つの、独身の,s②③④⑤⑥,,
1021,0301,206,0,名詞,sister,姉妹、姉、妹,s②③④⑤⑥,,
1022,0301,109,0,動詞,sit,座る、座っている,s②③,,
1023,0302,105,0,名詞,site,場所、用地、遺跡,s②③④,,
1024,0303,304,0,名詞,situation,状況、状態、立地,s②③④⑤⑥⑦⑧⑨,,
1025,0301,001,6,名詞、形容詞,six,【名】６、むっつ<br>【形】６の、むっつの,s②③,,
1026,0301,002,6,名詞、形容詞,sixteen,【名】１６<br>【形】１６の,s②③④⑤⑥⑦,,
1027,0301,004,6,名詞、形容詞,sixth,【名】６番目<br>【形】６番目の,s②③④⑤,,
1028,0301,003,6,名詞、形容詞,sixty,【名】６０<br>【形】６０の,s②③④⑤,,
1029,0302,105,0,名詞,size,大きさ、寸法、サイズ,s②③④,,
1030,0301,206,0,動詞,skate,スケートですべる、スケートをする,s②③④⑤,,
1031,0301,109,0,動詞,ski,スキーをする,s②③,,
1032,0302,209,0,名詞,skiing,スキー,s②③④⑤⑥,,
1033,0303,208,0,名詞,skill,技術、技能,s②③④⑤,,
1034,0303,104,0,名詞,skin,皮膚、肌,s②③④,,
1035,0301,109,0,名詞,sky,空,s②③,,
1036,0301,206,0,動詞,sleep,眠る、睡眠をとる,s②③④⑤,,
1037,0301,206,0,形容詞,sleepy,眠い、眠そうな,s②③④⑤⑥,,
1038,0302,106,0,形容詞,slow,遅い、のろい、鈍い,s②③④,,
1039,0303,208,0,副詞,slowly,ゆっくりと,s②③④⑤⑥,,
1040,0301,206,0,形容詞,small,小さい,s②③④⑤,,
1041,0301,206,0,形容詞,smart,利口な、かしこい,s②③④⑤,,
1042,0303,208,0,動詞,smell,匂いがする,s②③④⑤,,
1043,0302,209,0,名詞、動詞,smile,【名】ほほえみ、笑顔<br>【動】ほほえむ、にっこり笑う,s②③④⑤,,
1044,0301,206,0,名詞,snack,軽食、おやつ,s②③④⑤,,
1045,0302,106,0,名詞、動詞,snow,【名】雪<br>【動】雪がふる,s②③④,,
1046,0302,209,0,形容詞,snowy,雪の、雪が多い,s②③④⑤,,
1047,0301,109,0,副詞、接続詞,so,【副】とても<br>【接】だから,s②,,
1048,0301,206,0,名詞,soccer,サッカー,s②③④⑤⑥,,
1049,0303,104,0,名詞,sofa,ソファー,s②③④,,
1050,0302,106,0,形容詞,soft,柔らかい、穏やかな、優しい,s②③④,,
1051,0303,304,0,名詞,softball,ソフトボール,s②③④⑤⑥⑦⑧,,
1052,0303,208,0,形容詞,solar,太陽の,s②③④⑤,,
1053,0303,304,0,名詞,solution,解決策、解明,s②③④⑤⑥⑦⑧,,
1054,0302,209,0,動詞,solve,解決する,s②③④⑤,,
1055,0301,109,0,形容詞、代名詞,some,【形】いくつかの、いくらかの<br>【代】・・・のいくつか,s②③④,,
1056,0303,209,0,副詞,someday,いつか、そのうち,s②③④⑤⑥⑦,,
1057,0302,209,0,代名詞,someone,誰か、ある人,s②③④⑤⑥⑦,,
1058,0302,303,0,代名詞,something,何か、あるもの,s②③④⑤⑥⑦⑧⑨,,
1059,0301,303,0,副詞,sometimes,ときどき,s②③④⑤⑥⑦⑧⑨,,
1060,0303,304,0,副詞,somewhere,どこかに、どこかへ、どこかで,s②③④⑤⑥⑦⑧⑨,,
1061,0301,109,0,名詞,son,息子,s②③,,
1062,0301,109,0,名詞,song,歌,s②③④,,
1063,0301,109,0,副詞,soon,まもなく、すぐに,s②③④,,
1064,0301,206,0,間投詞,sorry,ごめんなさい、謝罪の意、残念に思って,s②③④⑤,,
1065,0302,209,0,動詞、名詞,sound,【動】聞こえる<br>【名】音,s②③④⑤,,
1066,0302,106,0,名詞,soup,スープ,s②③④,,
1067,0301,017,4,名詞、形容詞、副詞,south,【名】南、南部、南方<br>【形】南の<br>【副】南へ,s②③④⑤,,
1068,0302,209,0,名詞,space,空間、宇宙,s②③④⑤,,
1069,0303,209,0,名詞,Spain,スペイン,s②③④⑤,,
1070,0301,206,0,動詞,speak,話す,s②③④⑤,,
1071,0302,209,0,形容詞,special,特別な,s②③④⑤⑥⑦,,
1072,0303,209,0,名詞,speech,演説、スピーチ,s②③④⑤⑥,,
1073,0303,209,0,動詞,spell,（・・・の語）をつづる,s②③④⑤,,
1074,0302,209,0,動詞,spend,（時）を過ごす、費やす,s②③④⑤,,
1075,0303,209,0,名詞,spirit,心、精神、気力、勇気,s②③④⑤⑥,,
1076,0301,206,0,名詞,sport,スポーツ,s②③④⑤,,
1077,0302,209,0,動詞,spread,広げる、広がる,s②③④⑤⑥,,
1078,0301,206,0,名詞,spring,春,s②③④⑤⑥,,
1079,0302,209,0,名詞,stadium,競技場,s②③④⑤⑥⑦,,
1080,0303,209,0,名詞,stage,舞台、ステージ,s②③④⑤,,
1081,0301,206,0,動詞,stand,立つ、立っている,s②③④⑤,,
1082,0302,106,0,名詞,star,星,s②③④,,
1083,0301,207,0,動詞,start,始める、始まる,s②③④⑤,,
1084,0301,303,0,名詞,station,駅,s②③④⑤⑥⑦,,
1085,0302,106,0,動詞、名詞,stay,【動】滞在する、とどまる<br>【名】滞在,s②③④,,
1086,0302,106,0,動詞、名詞,step,【動】一歩、歩み、踏み出す<br>【名】階段,s②③④,,
1087,0301,207,0,副詞,still,まだ、今でも,s②③④⑤,,
1088,0303,209,0,名詞,stomach,胃、腹,s②③④⑤⑥⑦,,
1089,0302,304,0,名詞,stomachache,胃痛、腹痛,s②③④⑤⑥⑦⑧⑨⑩⑪,,
1090,0302,209,0,名詞,stone,石,s②③④⑤,,
1091,0301,109,0,動詞、名詞,stop,【動】止める、やめる<br>【名】中止、停止,s②③④,,
1092,0302,209,0,名詞,store,店,s②③④⑤,,
1093,0301,207,0,名詞,story,物語、話,s②③④⑤,,
1094,0302,304,0,副詞,straight,まっすぐに,s②③④⑤⑥⑦⑧,,
1095,0303,209,0,形容詞,strange,不思議な、奇妙な,s②③④⑤⑥⑦,,
1096,0301,207,0,名詞,street,街路、通り,s②③④⑤⑥,,
1097,0302,209,0,形容詞,strong,強い,s②③④⑤⑥,,
1098,0301,303,0,名詞,student,生徒,s②③④⑤⑥⑦,,
1099,0301,207,0,動詞、名詞,study,【動】勉強する、研究する<br>【名】勉強、研究,s②③④⑤,,
1100,0301,207,0,名詞,style,スタイル、型、様式,s②③④⑤,,
1101,0301,303,0,名詞,subject,教科、科目,s②③④⑤⑥⑦,,
1102,0303,209,0,名詞,subway,地下鉄、地下道,s②③④⑤⑥,,
1103,0302,106,0,形容詞,such,このような、そのような,s②③④,,
1104,0302,304,0,副詞,suddenly,急に、突然,s②③④⑤⑥⑦⑧,,
1105,0303,209,0,動詞,suffer,苦しむ,s②③④⑤⑥,,
1106,0303,209,0,名詞,sugar,砂糖,s②③④⑤,,
1107,0301,207,0,名詞,summer,夏,s②③④⑤⑥,,
1108,0302,106,0,名詞,sun,太陽,s②③,,
1109,0301,009,1,名詞,Sunday,日曜日,s②③④⑤⑥,,
1110,0302,209,0,形容詞,sunny,晴れた、日当たりのいい,s②③④⑤,,
1111,0302,304,0,名詞,supermarket,スーパー（マーケット）,s②③④⑤⑥⑦⑧⑨⑩⑪,,
1112,0303,209,0,動詞、名詞,support,【動】指示する、支援する<br>【名】指示、支援,s②③④⑤⑥⑦,,
1113,0301,109,0,副詞、形容詞,sure,【副】もちろん<br>【形】確信して,s②③④,,
1114,0302,304,0,動詞、名詞,surprise,【動】驚かす<br>【名】驚くべきこと,s②③④⑤⑥⑦⑧,,
1115,0303,304,0,形容詞,surprised,驚いて,s②③④⑤⑥⑦⑧⑨,,
1116,0302,304,0,形容詞,surprising,驚くべき、意外な,s②③④⑤⑥⑦⑧⑨⑩,,
1117,0303,304,0,動詞,surround,囲む、取り巻く,s②③④⑤⑥⑦⑧,,
1118,0303,209,0,動詞,survive,生き残る,s②③④⑤⑥⑦,,
1119,0303,209,0,名詞,sweater,セーター,s②③④⑤⑥⑦,,
1120,0303,209,0,形容詞、名詞,sweet,【形】甘い<br>【名】甘いもの、お菓子,s②③④⑤,,
1121,0301,110,0,動詞,swim,泳ぐ,s②③④,,
1122,0302,304,0,名詞,swimming,水泳、泳ぐこと,s②③④⑤⑥⑦⑧,,
1123,0301,207,0,名詞,Sydney,シドニー,s②③④⑤⑥,,
1124,0302,209,0,名詞,symbol,シンボル、しるし、記号、シンボルマーク,s②③④⑤⑥,,
1125,0303,209,0,名詞,system,組織、体系、仕組み、システム,s②③④⑤⑥,,
1126,0301,207,0,名詞,table,テーブル,t②③④⑤,,
1127,0301,110,0,動詞,take,取る、写真を撮る、乗る,t②③④,,
1128,0301,110,0,動詞,talk,話す,t②③④,,
1129,0302,106,0,形容詞,tall,高い、背が高い,t②③④,,
1130,0303,209,0,動詞、名詞,taste,【動】・・・な味がする<br>【名】味、味覚,t②③④⑤,,
1131,0302,106,0,名詞,taxi,タクシー,t②③④,,
1132,0301,110,0,名詞,tea,茶、紅茶,t②③,,
1133,0301,207,0,動詞,teach,教える,t②③④⑤,,
1134,0301,303,0,名詞,teacher,先生、教師,t②③④⑤⑥⑦,,
1135,0301,110,0,名詞,team,チーム,t②③④,,
1136,0303,304,0,名詞,teammate,チームメイト,t②③④⑤⑥⑦⑧,,
1137,0303,304,0,名詞,teamwork,チームワーク,t②③④⑤⑥⑦⑧,,
1138,0303,104,0,名詞,tear,涙,t②③④,,
1139,0303,305,0,名詞,technology,科学技術,t②③④⑤⑥⑦⑧⑨⑩,,
1140,0302,106,0,動詞,tell,言う、伝える,t②③④,,
1141,0303,305,0,名詞,temperature,温度、気温,t②③④⑤⑥⑦⑧⑨⑩⑪,,
1142,0303,209,0,名詞,temple,寺、寺院,t②③④⑤⑥,,
1143,0301,001,10,名詞、形容詞,ten,【名】１０<br>【形】１０の,t②③,,
1144,0301,207,0,名詞,tennis,テニス,t②③④⑤⑥,,
1145,0301,004,10,名詞、形容詞,tenth,【名】１０番目<br>【形】１０番目の,t②③④⑤,,
1146,0302,304,0,形容詞,terrible,恐ろしい、ひどい,t②③④⑤⑥⑦⑧,,
1147,0302,106,0,名詞,test,試験、テスト,t②③④,,
1148,0301,303,0,名詞,textbook,教科書,t②③④⑤⑥⑦⑧,,
1149,0302,106,0,前置詞、接続詞,than,【前】・・・よりも<br>【接】…より,t②③④,,
1150,0301,207,0,動詞、名詞,thank,【動】感謝する<br>【名】感謝,t②③④⑤,,
1151,0301,110,0,代名詞、形容詞,that,【代】あれ、それ<br>【形】あの、その,t②③④,,
1152,0301,110,0,冠詞,the,特定の（場面や文脈からそれとわかるもの）、その、あの,t②③,,
1153,0302,209,0,名詞,theater,劇場,t②③④⑤⑥⑦,,
1154,0301,207,0,代名詞,their,彼らの、彼女らの、それらの,t②③④⑤,,
1155,0301,207,0,代名詞,theirs,彼らのもの、彼女らのもの、それらのもの,t②③④⑤⑥,,
1156,0301,110,0,代名詞,them,彼らを、彼女らを、それらを,t②③④,,
1157,0302,304,0,代名詞,themselves,彼ら自身で、彼女ら自身で,t②③④⑤⑥⑦⑧⑨⑩,,
1158,0301,110,0,副詞、名詞,then,【副】それから<br>【名】その時,t②③④,,
1159,0301,207,0,副詞,there,そこ、そこに、そこで,t②③④⑤,,
1160,0301,207,0,代名詞、形容詞,these,【代】これら<br>【形】これらの,t②③④⑤,,
1161,0301,110,0,代名詞,they,彼は、彼女は、彼が、彼女が,t②③④,,
1162,0302,210,0,名詞,thing,物、事,t②③④⑤,,
1163,0301,207,0,動詞,think,考える、思う,t②③④⑤,,
1164,0303,305,0,名詞,thinking,考え、思考,t②③④⑤⑥⑦⑧,,
1165,0301,004,3,名詞、形容詞,third,【名】３番目、第３<br>【形】３番目の、第３の,t②③④⑤,,
1166,0301,303,0,形容詞,thirsty,のどがかわいた,t②③④⑤⑥⑦,,
1167,0301,002,3,名詞、形容詞,thirteen,【名】１３<br>【形】１３の,t②③④⑤⑥⑦⑧,,
1168,0301,005,13,名詞、形容詞,thirteenth,【名】１３番目<br>【形】１３番目の,t②③④⑤⑥⑦⑧⑨⑩,,
1169,0301,005,30,名詞、形容詞,thirtieth,【名】３０番目<br>【形】３０番目の,t②③④⑤⑥⑦⑧⑨,,
1170,0301,003,3,名詞、形容詞,thirty,【名】３０<br>【形】３０の,t②③④⑤⑥,,
1171,0301,110,0,代名詞、形容詞,this,【代】これ<br>【形】この,t②③④,,
1172,0301,207,0,代名詞、形容詞,those,【代】それら、あれら<br>【形】それらの、あれらの,t②③④⑤,,
1173,0303,209,0,接続詞,though,・・・だけれども,t②③④⑤⑥,,
1174,0302,003,1000,名詞、形容詞,thousand,【名】１０００<br>【形】１０００の,t②③④⑤⑥⑦⑧,,
1175,0301,001,3,名詞、形容詞,three,【名】３、みっつ<br>【形】３の、みっつの,t②③④⑤,,
1176,0302,210,0,前置詞,through,・・・を通って、・・・を通して,t②③④⑤⑥⑦,,
1177,0303,209,0,動詞,throw,投げる,t②③④⑤,,
1178,0301,009,5,名詞,Thursday,木曜日,t②③④⑤⑥⑦⑧,,
1179,0302,210,0,名詞,ticket,切符、チケット,t②③④⑤⑥,,
1180,0303,104,0,名詞,tie,ネクタイ,t②③,,
1181,0303,210,0,名詞,tiger,虎,t②③④⑤,,
1182,0301,110,0,名詞,time,時間、時刻、回,t②③④,,
1183,0301,207,0,形容詞,tired,疲れて,t②③④⑤,,
1184,0301,110,0,前置詞,to,（行き先・到着点）・・・へ（に）、（相手・対象）・・・に,t②,,
1185,0301,207,0,副詞、名詞,today,【名】今日<br>【副】今日は,t②③④⑤,,
1186,0302,304,0,副詞,together,いっしょに,t②③④⑤⑥⑦⑧,,
1187,0303,210,0,名詞,toilet,便所、化粧室、トイレ,t②③④⑤⑥,,
1188,0302,304,0,名詞、副詞,tomorrow,【名】明日<br>【副】明日は,t②③④⑤⑥⑦⑧,,
1189,0302,210,0,名詞、副詞,tonight,【名】今夜<br>【副】今夜は,t②③④⑤⑥⑦,,
1190,0301,110,0,副詞,too,もまた、あまりに・・・しすぎる,t②③,,
1191,0302,106,0,名詞,tool,道具、用具、手段,t②③④,,
1192,0301,208,0,名詞,tooth,歯,t②③④⑤,,
1193,0302,106,0,形容詞、名詞,top,【形】頂上の、てっぺんの<br>【名】頂上、てっぺん,t②③,,
1194,0303,210,0,名詞,total,合計、総計、全体の,t②③④⑤,,
1195,0301,208,0,動詞、名詞,touch,【動】触れる、触る<br>【名】接触,t②③④⑤,,
1196,0303,104,0,名詞,tour,旅行、巡業、ツアー,t②③④,,
1197,0303,305,0,名詞,tournament,勝ち抜き戦、トーナメント,t②③④⑤⑥⑦⑧⑨⑩,,
1198,0302,210,0,名詞,tower,塔、やぐら、タワー,t②③④⑤,,
1199,0302,106,0,名詞,town,町、街、市街,t②③④,,
1200,0301,110,0,名詞,toy,おもちゃ,t②③,,
1201,0303,210,0,名詞,track,トラック、線路、走路,t②③④⑤,,
1202,0303,305,0,名詞,tradition,伝統、しきたり、言い伝え,t②③④⑤⑥⑦⑧⑨,,
1203,0303,305,0,形容詞,traditional,伝統的な,t②③④⑤⑥⑦⑧⑨⑩⑪,,
1204,0301,208,0,名詞,train,列車、電車,t②③④⑤,,
1205,0302,304,0,名詞,training,訓練,t②③④⑤⑥⑦⑧,,
1206,0302,210,0,動詞、名詞,travel,【動】旅行する、旅をする<br>【名】旅行、旅,t②③④⑤⑥,,
1207,0302,304,0,名詞,treasure,重要なもの、宝物、財宝,t②③④⑤⑥⑦⑧,,
1208,0302,106,0,名詞,tree,木,t②③④,,
1209,0303,210,0,名詞,trick,いたずら、策略、芸当、トリック,t②③④⑤,,
1210,0302,106,0,名詞,trip,旅行,t②③④,,
1211,0303,210,0,名詞,trouble,面倒、心配事、悩み,t②③④⑤⑥⑦,,
1212,0302,106,0,形容詞,true,真の、本当の,t②③④,,
1213,0302,107,0,動詞,try,やってみる、試みる,t②③,,
1214,0303,104,0,名詞,Tube,管、筒、チューブ,t②③④,,
1215,0301,009,3,名詞,Tuesday,火曜日,t②③④⑤⑥⑦,,
1216,0302,107,0,名詞,tuna,マグロ,t②③④,,
1217,0302,107,0,動詞、名詞,turn,【動】曲がる､回る<br>【名】番、順番,t②③④,,
1218,0301,208,0,名詞,turtle,亀,t②③④⑤⑥,,
1219,0301,110,0,名詞,TV,テレビ,t②,,
1220,0301,004,12,名詞、形容詞,twelfth,【名】１２番目<br>【形】１２番目の,t②③④⑤⑥⑦,,
1221,0301,001,12,名詞、形容詞,twelve,【名】１２<br>【形】１２の,t②③④⑤⑥,,
1222,0301,005,20,名詞、形容詞,twentieth,【名】２０番目<br>【形】２０番目の,t②③④⑤⑥⑦⑧⑨,,
1223,0301,003,2,名詞、形容詞,twenty,【名】２０<br>【形】２０の,t②③④⑤⑥,,
1224,0303,210,0,副詞,twice,２倍、２度、２回、２倍に,t②③④⑤,,
1225,0301,001,2,名詞、形容詞,two,【名】２、ふたつ<br>【形】２の、ふたつの,t②③,,
1226,0303,104,0,名詞,type,型、型式、種類、タイプ,t②③④,,
1227,0301,303,0,名詞,umbrella,傘,u②③④⑤⑥⑦⑧,,
1228,0301,208,0,名詞,uncle,おじ（父母の兄弟）,u②③④⑤,,
1229,0301,208,0,前置詞,under,・・・の下に、・・・の下で,u②③④⑤,,
1230,0301,303,0,動詞,understand,理解する,u②③④⑤⑥⑦⑧⑨⑩,,
1231,0301,303,0,名詞,uniform,制服、軍服、ユニフォーム,u②③④⑤⑥⑦,,
1232,0303,210,0,形容詞,unique,唯一の、特有の、独特の,u②③④⑤⑥,,
1233,0301,303,0,名詞,university,総合大学,u②③④⑤⑥⑦⑧⑨⑩,,
1234,0302,210,0,前置詞、接続詞,until,【前】・・・まで<br>【接】…までに,u②③④⑤,,
1235,0301,110,0,前置詞、副詞,up,【前】上に<br>【副】上へ、上で,u②,,
1236,0301,110,0,代名詞,us,私たちを、私たちに,u②,,
1237,0301,110,0,動詞,use,使う、使用,u②③,,
1238,0303,104,0,形容詞,used,中古の、使い古した,u②③④,,
1239,0302,210,0,形容詞,useful,役に立つ、有用な,u②③④⑤⑥,,
1240,0301,303,0,副詞,usually,ふつう、たいてい,u②③④⑤⑥⑦,,
1241,0302,304,0,名詞,vacation,休暇、休み,v②③④⑤⑥⑦⑧,,
1242,0303,305,0,名詞,vegetable,野菜,v②③④⑤⑥⑦⑧⑨,,
1243,0301,110,0,副詞,very,とても、大いに、非常に,v②③④,,
1244,0301,208,0,名詞,video,ビデオ,v②③④⑤,,
1245,0303,210,0,名詞,Vietnam,ベトナム,v②③④⑤⑥⑦,,
1246,0302,107,0,名詞,view,視界、光景、景色、眺め,v②③④,,
1247,0302,210,0,名詞,village,村、村落,v②③④⑤⑥⑦,,
1248,0301,208,0,名詞,violin,バイオリン,v②③④⑤⑥,,
1249,0301,208,0,動詞、名詞,visit,【動】訪問する<br>【名】訪問,v②③④⑤,,
1250,0303,210,0,名詞,visitor,訪問者、訪問客,v②③④⑤⑥⑦,,
1251,0302,210,0,名詞,voice,声,v②③④⑤,,
1252,0301,303,0,名詞,volleyball,バレーボール,v②③④⑤⑥⑦⑧⑨⑩,,
1253,0303,305,0,名詞,volunteer,ボランティア、志願者,v②③④⑤⑥⑦⑧⑨,,
1254,0302,107,0,動詞,wait,待つ,w②③④,,
1255,0302,107,0,動詞,wake,起きる、起こす,w②③④,,
1256,0301,111,0,動詞、名詞,walk,【動】歩く、散歩する<br>【名】歩み、散歩,w②③④,,
1257,0302,107,0,名詞,wall,壁、塀,w②③④,,
1258,0301,111,0,動詞,want,・・・を望む、・・・が欲しい,w②③④,,
1259,0302,107,0,名詞,war,戦争、戦い,w②③,,
1260,0302,107,0,形容詞,warm,暖かい、温かい、思いやりのある,w②③④,,
1262,0301,111,0,動詞,wash,洗う,w②③④,,
1263,0303,210,0,動詞、名詞,waste,【動】浪費する<br>【名】浪費,w②③④⑤,,
1264,0301,208,0,動詞、名詞,watch,【動】見る<br>【名】腕時計,w②③④⑤,,
1265,0301,208,0,名詞,water,水,w②③④⑤,,
1266,0303,104,0,名詞,wave,波,w②③④,,
1267,0301,111,0,名詞,way,道、方法,w②③,,
1268,0301,111,0,代名詞,we,私たちは、私たちが,w②,,
1269,0303,104,0,形容詞,weak,弱い、かすかな,w②③④,,
1270,0302,107,0,動詞,wear,身につけている,w②③④,,
1271,0302,210,0,名詞,weather,気候、天気,w②③④⑤⑥⑦,,
1272,0302,210,0,名詞,website,ウェブサイト,w②③④⑤⑥⑦,,
1273,0301,009,4,名詞,Wednesday,水曜日,w②③④⑤⑥⑦⑧⑨,,
1274,0301,111,0,名詞,week,週、１週間、・・・週間,w②③④,,
1275,0301,303,0,名詞,weekend,週末,w②③④⑤⑥⑦,,
1276,0301,303,0,動詞、間投詞,welcome,【動】歓迎する<br>【間】ようこそ,w②③④⑤⑥⑦,,
1277,0301,111,0,形容詞、副詞、間投詞,well,【副】うまく、上手に<br>【形】健康で<br>【間】ああ、えっと、さて、ところで,w②③④,,
1279,0301,017,3,名詞、形容詞、副詞,west,【名】西、西部、西方<br>【形】西の<br>【副】西へ,w②③④,,
1280,0302,210,0,形容詞,western,西の、西からの、西部地方の,w②③④⑤⑥⑦,,
1281,0301,111,0,代名詞、形容詞,what,【代】どれ<br>【形】何、何の,w②③④,,
1282,0301,111,0,副詞,when,いつ,w②③④,,
1283,0301,208,0,副詞,where,どこ、どこで,w②③④⑤,,
1284,0301,208,0,代名詞、形容詞,which,【代】どっち<br>【形】どっちの,w②③④⑤,,
1285,0303,210,0,接続詞、名詞,while,【接】・・・する間に<br>【名】・・・の間,w②③④⑤,,
1286,0301,011,5,名詞、形容詞,white,【名】白<br>【形】白の,w②③④⑤,,
1287,0301,111,0,代名詞,who,誰,w②③,,
1288,0303,210,0,形容詞,whole,全体の、丸ごとの,w②③④⑤,,
1289,0301,208,0,代名詞,whose,誰の,w②③④⑤,,
1290,0301,111,0,副詞,why,なぜ、どうして,w②③,,
1291,0302,107,0,形容詞、副詞,wide,【形】幅の広い<br>【副】幅広く,w②③④,,
1292,0302,107,0,名詞,wife,妻,w②③④,,
1293,0303,104,0,形容詞、名詞,wild,【形】野生の<br>【名】野生,w②③④,,
1294,0302,107,0,助動詞,will,・・・だろう、・・・するつもりである,w②③④,,
1295,0302,107,0,動詞,win,勝つ,w②③,,
1296,0303,104,0,名詞,wind,風,w②③④,,
1297,0301,208,0,名詞,window,窓,w②③④⑤⑥,,
1298,0302,210,0,形容詞,windy,風の強い,w②③④⑤,,
1299,0303,210,0,名詞,winner,勝利者、受賞者,w②③④⑤⑥,,
1300,0301,208,0,名詞,winter,冬,w②③④⑤⑥,,
1301,0303,104,0,動詞、名詞,wish,【動】願う<br>【名】願い,w②③④,,
1302,0301,111,0,前置詞,with,・・・と一緒に,w②③④,,
1303,0302,210,0,前置詞,without,・・・なしで,w②③④⑤⑥⑦,,
1304,0301,208,0,名詞,woman,女性、女の人,w②③④⑤,,
1305,0303,210,0,動詞,wonder,不思議に思う,w②③④⑤⑥,,
1306,0301,303,0,形容詞,wonderful,すばらしい、とてもすてきな,w②③④⑤⑥⑦⑧⑨,,
1307,0303,105,0,名詞,wood,木材,w②③④,,
1308,0301,111,0,名詞,word,言葉、単語,w②③④,,
1309,0301,111,0,動詞、名詞,work,【動】働く、勉強する<br>【名】仕事、勉強、作品,w②③④,,
1310,0303,210,0,名詞,worker,労働者,w②③④⑤⑥,,
1311,0302,210,0,名詞,world,世界,w②③④⑤,,
1312,0302,210,0,形容詞,worried,心配した、不安な、困った,w②③④⑤⑥⑦,,
1313,0302,210,0,動詞,worry,心配する,w②③④⑤,,
1314,0302,210,0,形容詞,worse,もっと悪い、より悪い、より悪く、いっそう悪いこと,w②③④⑤,,
1315,0302,210,0,形容詞,worst,最悪の、最も悪い、最も悪く、一番悪いこと,w②③④⑤,,
1316,0302,211,0,助動詞,would,willの過去形、だろう,w②③④⑤,,
1317,0301,111,0,間投詞,wow,うわー！わあ！（感嘆の声）,w②③,,
1318,0303,105,0,動詞,wrap,包む、包装する,w②③④,,
1319,0301,208,0,動詞,write,書く,w②③④⑤,,
1320,0303,210,0,名詞,writer,筆者、著者、作家,w②③④⑤⑥,,
1321,0302,211,0,名詞,writing,書くこと、筆跡、執筆、書かれたもの,w②③④⑤⑥⑦,,
1322,0302,211,0,形容詞,wrong,悪い、調子が悪い、間違った、故障して,w②③④⑤,,
1323,0301,111,0,名詞,year,年、１年、・・・年間、年度,y②③④,,
1324,0301,011,4,名詞、形容詞,yellow,【名】黄色<br>【形】黄色の,y②③④⑤⑥,,
1325,0301,111,0,名詞,yen,円（日本の通貨単位）,y②③,,
1326,0301,111,0,副詞,yes,はい、そうです,y②③,,
1327,0301,303,0,副詞、名詞,yesterday,【名】昨日<br>【副】昨日は,y②③④⑤⑥⑦⑧⑨,,
1328,0303,105,0,副詞,yet,まだ、もう、今のところは,y②③,,
1329,0301,111,0,代名詞,you,あなた、あなたたち,y②③,,
1330,0301,208,0,形容詞,young,若い、幼い,y②③④⑤,,
1331,0301,111,0,代名詞,your,あなたの、あなたたちの,y②③④,,
1332,0301,208,0,代名詞,yours,あなたのもの、あなたたちのもの,y②③④⑤,,
1333,0302,304,0,代名詞,yourself,あなた自身,y②③④⑤⑥⑦⑧,,
1334,0301,001,0,名詞、形容詞,zero,【名】０、ゼロ<br>【形】０の、ゼロの,z②③④,,
1335,0301,112,0,名詞,zoo,動物園,z②③,,
1336,0301,005,16,名詞、形容詞,sixteenth,【名】１６番目<br>【形】１６番目の,s②③④⑤⑥⑦⑧⑨,,
1337,0301,005,17,名詞、形容詞,seventeenth,【名】１７番目<br>【形】１７番目の,s②③④⑤⑥⑦⑧⑨⑩⑪,,
1338,0301,005,18,名詞、形容詞,eighteenth,【名】１８番目<br>【形】１８番目の,e②③④⑤⑥⑦⑧⑨⑩,,
1339,0301,005,19,名詞、形容詞,nineteenth,【名】１９番目<br>【形】１９番目の,n②③④⑤⑥⑦⑧⑨⑩,,